{
	"Regions": [{
		"code": "NA",
		"legend": "North America",
		"color": "rgba(92, 186, 230, 1)",
		"tooltip": "NA"
	}, {
		"code": "LAC",
		"legend": "Latin America",
		"color": "rgba(182, 217, 87, 1)",
		"tooltip": "LAC"
	}, {
		"code": "EMEA",
		"legend": "EMEA",
		"color": "rgba(250, 195, 100, 1)",
		"tooltip": "EMEA"
	}, {
		"code": "MEE",
		"legend": "MEE",
		"color": "rgba(140, 211, 255, 1)",
		"tooltip": "MEE"
	}, {
		"code": "GTC",
		"legend": "Gr. China",
		"color": "rgba(217, 152, 203, 1)",
		"tooltip": "GTC"
	}, {
		"code": "APJ",
		"legend": "APJ",
		"color": "rgba(242, 210, 73, 1)",
		"tooltip": "APJ"
	}]
}