{
	"queryResults": {
	  "CL_MCCI_V2_CURRENT": {
		"columns": {
		  "hierarchies": [],
		  "attributes": [
			{
			  "identifier": "Global_Ultimate",
			  "title": "Global Ultimate"
			},
			{
			  "identifier": "Internal_Sales_Segment",
			  "title": "Internal Sales Segment"
			},
			{
			  "identifier": "ERP_Account",
			  "title": "ERP Account"
			},
			{
			  "identifier": "SNAPSHOT_DATE",
			  "title": "SNAPSHOT_DATE"
			},
			{
			  "identifier": "CUSTOMER_ID",
			  "title": "CUSTOMER_ID"
			},
			{
			  "identifier": "Global_Ultimate_Name",
			  "title": "Global Ultimate Name"
			}
		  ],
		  "measures": [
			{
			  "identifier": "CPC_CASES",
			  "title": "CPC CASES"
			},
			{
			  "identifier": "GEM_CASES",
			  "title": "GEM CASES"
			},
			{
			  "identifier": "TREND_28_DAYS",
			  "title": "TREND 28 DAYS"
			},
			{
			  "identifier": "TC2_CASES",
			  "title": "TC2 CASES"
			},
			{
			  "identifier": "OPEN_NOW_P1",
			  "title": "OPEN NOW P1"
			},
			{
			  "identifier": "TF_CASES",
			  "title": "TF CASES"
			},
			{
			  "identifier": "OPEN_NOW_P2",
			  "title": "OPEN NOW P2"
			},
			{
			  "identifier": "MCCI",
			  "title": "MCCI"
			},
			{
			  "identifier": "CCM_CASES",
			  "title": "CCM CASES"
			},
			{
			  "identifier": "TREND_3_DAYS",
			  "title": "TREND 3 DAYS"
			}
		  ]
		},
		"rows": [
		  {
			"OPEN_NOW_P2": {
			  "value": 13
			},
			"TC2_CASES": {
			  "value": 0
			},
			"GEM_CASES": {
			  "value": 0
			},
			"TREND_28_DAYS": {
			  "value": 4.19
			},
			"CUSTOMER_ID": {
			  "title": "0000012186",
			  "key": "0000012186",
			  "link": null
			},
			"CPC_CASES": {
			  "value": 0
			},
			"SNAPSHOT_DATE": {
			  "title": "2024-02-28",
			  "key": "2024-02-28",
			  "link": null
			},
			"CCM_CASES": {
			  "value": 0
			},
			"TF_CASES": {
			  "value": 0
			},
			"Internal_Sales_Segment": {
			  "title": "Transform",
			  "key": "Transform",
			  "link": null
			},
			"TREND_3_DAYS": {
			  "value": 18.52
			},
			"MCCI": {
			  "value": 18.12
			},
			"ERP_Account": {
			  "title": "Bayer AG",
			  "key": "0000012186",
			  "link": null
			},
			"Global_Ultimate": {
			  "title": "0000160073",
			  "key": "0000160073",
			  "link": null
			},
			"Global_Ultimate_Name": {
			  "title": "Bayer AG",
			  "key": "0000160073",
			  "link": null
			},
			"OPEN_NOW_P1": {
			  "value": 5
			}
		  },
		  {
			"OPEN_NOW_P2": {
			  "value": 84
			},
			"TC2_CASES": {
			  "value": 0
			},
			"GEM_CASES": {
			  "value": 0
			},
			"TREND_28_DAYS": {
			  "value": -2.11
			},
			"CUSTOMER_ID": {
			  "title": "0000010161",
			  "key": "0000010161",
			  "link": null
			},
			"CPC_CASES": {
			  "value": 0
			},
			"SNAPSHOT_DATE": {
			  "title": "2024-02-28",
			  "key": "2024-02-28",
			  "link": null
			},
			"CCM_CASES": {
			  "value": 0
			},
			"TF_CASES": {
			  "value": 0
			},
			"Internal_Sales_Segment": {
			  "title": "Transform",
			  "key": "Transform",
			  "link": null
			},
			"TREND_3_DAYS": {
			  "value": 0
			},
			"MCCI": {
			  "value": 23.71
			},
			"ERP_Account": {
			  "title": "BASF SE",
			  "key": "0000010161",
			  "link": null
			},
			"Global_Ultimate": {
			  "title": "0000159936",
			  "key": "0000159936",
			  "link": null
			},
			"Global_Ultimate_Name": {
			  "title": "BASF SE",
			  "key": "0000159936",
			  "link": null
			},
			"OPEN_NOW_P1": {
			  "value": 0
			}
		  },
		  {
			"OPEN_NOW_P2": {
			  "value": 61
			},
			"TC2_CASES": {
			  "value": 1
			},
			"GEM_CASES": {
			  "value": 0
			},
			"TREND_28_DAYS": {
			  "value": -2.05
			},
			"CUSTOMER_ID": {
			  "title": "0000034897",
			  "key": "0000034897",
			  "link": null
			},
			"CPC_CASES": {
			  "value": 0
			},
			"SNAPSHOT_DATE": {
			  "title": "2024-02-28",
			  "key": "2024-02-28",
			  "link": null
			},
			"CCM_CASES": {
			  "value": 0
			},
			"TF_CASES": {
			  "value": 0
			},
			"Internal_Sales_Segment": {
			  "title": "Transform",
			  "key": "Transform",
			  "link": null
			},
			"TREND_3_DAYS": {
			  "value": 26.68
			},
			"MCCI": {
			  "value": 18.12
			},
			"ERP_Account": {
			  "title": "adidas AG",
			  "key": "0000034897",
			  "link": null
			},
			"Global_Ultimate": {
			  "title": "0000161825",
			  "key": "0000161825",
			  "link": null
			},
			"Global_Ultimate_Name": {
			  "title": "adidas AG",
			  "key": "0000161825",
			  "link": null
			},
			"OPEN_NOW_P1": {
			  "value": 2
			}
		  },
		  {
			"OPEN_NOW_P2": {
			  "value": 134
			},
			"TC2_CASES": {
			  "value": 1
			},
			"GEM_CASES": {
			  "value": 1
			},
			"TREND_28_DAYS": {
			  "value": 0.93
			},
			"CUSTOMER_ID": {
			  "title": "0000010010",
			  "key": "0000010010",
			  "link": null
			},
			"CPC_CASES": {
			  "value": 0
			},
			"SNAPSHOT_DATE": {
			  "title": "2024-02-28",
			  "key": "2024-02-28",
			  "link": null
			},
			"CCM_CASES": {
			  "value": 2
			},
			"TF_CASES": {
			  "value": 0
			},
			"Internal_Sales_Segment": {
			  "title": "Transform",
			  "key": "Transform",
			  "link": null
			},
			"TREND_3_DAYS": {
			  "value": 33.78
			},
			"MCCI": {
			  "value": 66.7
			},
			"ERP_Account": {
			  "title": "Robert Bosch GmbH",
			  "key": "0000010010",
			  "link": null
			},
			"Global_Ultimate": {
			  "title": "0000159926",
			  "key": "0000159926",
			  "link": null
			},
			"Global_Ultimate_Name": {
			  "title": "Robert Bosch GmbH",
			  "key": "0000159926",
			  "link": null
			},
			"OPEN_NOW_P1": {
			  "value": 3
			}
		  },
		  {
			"OPEN_NOW_P2": {
			  "value": 99
			},
			"TC2_CASES": {
			  "value": 0
			},
			"GEM_CASES": {
			  "value": 0
			},
			"TREND_28_DAYS": {
			  "value": -1.43
			},
			"CUSTOMER_ID": {
			  "title": "0000010173",
			  "key": "0000010173",
			  "link": null
			},
			"CPC_CASES": {
			  "value": 0
			},
			"SNAPSHOT_DATE": {
			  "title": "2024-02-28",
			  "key": "2024-02-28",
			  "link": null
			},
			"CCM_CASES": {
			  "value": 0
			},
			"TF_CASES": {
			  "value": 0
			},
			"Internal_Sales_Segment": {
			  "title": "Transform",
			  "key": "Transform",
			  "link": null
			},
			"TREND_3_DAYS": {
			  "value": 49.54
			},
			"MCCI": {
			  "value": 45.11
			},
			"ERP_Account": {
			  "title": "Merck KGaA",
			  "key": "0000010173",
			  "link": null
			},
			"Global_Ultimate": {
			  "title": "0000030900",
			  "key": "0000030900",
			  "link": null
			},
			"Global_Ultimate_Name": {
			  "title": "Merck KGaA",
			  "key": "0000030900",
			  "link": null
			},
			"OPEN_NOW_P1": {
			  "value": 5
			}
		  },
		  {
			"OPEN_NOW_P2": {
			  "value": 73
			},
			"TC2_CASES": {
			  "value": 0
			},
			"GEM_CASES": {
			  "value": 0
			},
			"TREND_28_DAYS": {
			  "value": -0.32
			},
			"CUSTOMER_ID": {
			  "title": "0001208936",
			  "key": "0001208936",
			  "link": null
			},
			"CPC_CASES": {
			  "value": 0
			},
			"SNAPSHOT_DATE": {
			  "title": "2024-02-28",
			  "key": "2024-02-28",
			  "link": null
			},
			"CCM_CASES": {
			  "value": 0
			},
			"TF_CASES": {
			  "value": 0
			},
			"Internal_Sales_Segment": {
			  "title": "Key",
			  "key": "Key",
			  "link": null
			},
			"TREND_3_DAYS": {
			  "value": 0
			},
			"MCCI": {
			  "value": 0
			},
			"ERP_Account": {
			  "title": "SAP Test Account - aPaul Pharma",
			  "key": "0001208936",
			  "link": null
			},
			"Global_Ultimate": {
			  "title": "0012552195",
			  "key": "0012552195",
			  "link": null
			},
			"Global_Ultimate_Name": {
			  "title": "SAP Test Account - aPaul Pharma",
			  "key": "0012552195",
			  "link": null
			},
			"OPEN_NOW_P1": {
			  "value": 9
			}
		  }
		]
	  }
	}
  }