{
  "queryResults": {
    "CL_MCCI_CRM_NOW": {
      "columns": {
        "hierarchies": [],
        "attributes": [
          {
            "identifier": "ERP_Account",
            "title": "ERP Account"
          },
          {
            "identifier": "SNAPSHOT_DATE",
            "title": "SNAPSHOT_DATE"
          },
          {
            "identifier": "Customer_Text",
            "title": "Customer Text"
          }
        ],
        "measures": [
          {
            "identifier": "MCCI",
            "title": "MCCI"
          },
          {
            "identifier": "PREVENTION_SCORE",
            "title": "PREVENTION_SCORE"
          }
        ]
      },
      "rows": [
        {
          "Customer_Text": {
            "title": "Robert Bosch GmbH",
            "key": "Robert Bosch GmbH",
            "link": null
          },
          "PREVENTION_SCORE": {
            "value": -45.35
          },
          "MCCI": {
            "value": 36.28
          },
          "ERP_Account": {
            "title": "Robert Bosch GmbH",
            "key": "0000010010",
            "link": null
          },
          "SNAPSHOT_DATE": {
            "title": "2022-09-28",
            "key": "2022-09-28",
            "link": null
          }
        },
        {
          "Customer_Text": {
            "title": "Robert Bosch GmbH",
            "key": "Robert Bosch GmbH",
            "link": null
          },
          "PREVENTION_SCORE": {
            "value": -34.47
          },
          "MCCI": {
            "value": 27.57
          },
          "ERP_Account": {
            "title": "Robert Bosch GmbH",
            "key": "0000010010",
            "link": null
          },
          "SNAPSHOT_DATE": {
            "title": "2022-09-27",
            "key": "2022-09-27",
            "link": null
          }
        },
        {
          "Customer_Text": {
            "title": "Robert Bosch GmbH",
            "key": "Robert Bosch GmbH",
            "link": null
          },
          "PREVENTION_SCORE": {
            "value": -31.34
          },
          "MCCI": {
            "value": 25.07
          },
          "ERP_Account": {
            "title": "Robert Bosch GmbH",
            "key": "0000010010",
            "link": null
          },
          "SNAPSHOT_DATE": {
            "title": "2022-09-26",
            "key": "2022-09-26",
            "link": null
          }
        },
        {
          "Customer_Text": {
            "title": "Robert Bosch GmbH",
            "key": "Robert Bosch GmbH",
            "link": null
          },
          "PREVENTION_SCORE": {
            "value": -31.34
          },
          "MCCI": {
            "value": 25.07
          },
          "ERP_Account": {
            "title": "Robert Bosch GmbH",
            "key": "0000010010",
            "link": null
          },
          "SNAPSHOT_DATE": {
            "title": "2022-09-25",
            "key": "2022-09-25",
            "link": null
          }
        },
        {
          "Customer_Text": {
            "title": "Robert Bosch GmbH",
            "key": "Robert Bosch GmbH",
            "link": null
          },
          "PREVENTION_SCORE": {
            "value": -33
          },
          "MCCI": {
            "value": 26.4
          },
          "ERP_Account": {
            "title": "Robert Bosch GmbH",
            "key": "0000010010",
            "link": null
          },
          "SNAPSHOT_DATE": {
            "title": "2022-09-24",
            "key": "2022-09-24",
            "link": null
          }
        },
        {
          "Customer_Text": {
            "title": "Robert Bosch GmbH",
            "key": "Robert Bosch GmbH",
            "link": null
          },
          "PREVENTION_SCORE": {
            "value": -35.46
          },
          "MCCI": {
            "value": 28.37
          },
          "ERP_Account": {
            "title": "Robert Bosch GmbH",
            "key": "0000010010",
            "link": null
          },
          "SNAPSHOT_DATE": {
            "title": "2022-09-23",
            "key": "2022-09-23",
            "link": null
          }
        },
        {
          "Customer_Text": {
            "title": "Robert Bosch GmbH",
            "key": "Robert Bosch GmbH",
            "link": null
          },
          "PREVENTION_SCORE": {
            "value": -40.86
          },
          "MCCI": {
            "value": 32.69
          },
          "ERP_Account": {
            "title": "Robert Bosch GmbH",
            "key": "0000010010",
            "link": null
          },
          "SNAPSHOT_DATE": {
            "title": "2022-09-22",
            "key": "2022-09-22",
            "link": null
          }
        },
        {
          "Customer_Text": {
            "title": "Robert Bosch GmbH",
            "key": "Robert Bosch GmbH",
            "link": null
          },
          "PREVENTION_SCORE": {
            "value": -43.54
          },
          "MCCI": {
            "value": 34.83
          },
          "ERP_Account": {
            "title": "Robert Bosch GmbH",
            "key": "0000010010",
            "link": null
          },
          "SNAPSHOT_DATE": {
            "title": "2022-09-21",
            "key": "2022-09-21",
            "link": null
          }
        },
        {
          "Customer_Text": {
            "title": "Robert Bosch GmbH",
            "key": "Robert Bosch GmbH",
            "link": null
          },
          "PREVENTION_SCORE": {
            "value": -47.84
          },
          "MCCI": {
            "value": 38.27
          },
          "ERP_Account": {
            "title": "Robert Bosch GmbH",
            "key": "0000010010",
            "link": null
          },
          "SNAPSHOT_DATE": {
            "title": "2022-09-20",
            "key": "2022-09-20",
            "link": null
          }
        },
        {
          "Customer_Text": {
            "title": "Robert Bosch GmbH",
            "key": "Robert Bosch GmbH",
            "link": null
          },
          "PREVENTION_SCORE": {
            "value": -49.83
          },
          "MCCI": {
            "value": 39.86
          },
          "ERP_Account": {
            "title": "Robert Bosch GmbH",
            "key": "0000010010",
            "link": null
          },
          "SNAPSHOT_DATE": {
            "title": "2022-09-19",
            "key": "2022-09-19",
            "link": null
          }
        },
        {
          "Customer_Text": {
            "title": "Robert Bosch GmbH",
            "key": "Robert Bosch GmbH",
            "link": null
          },
          "PREVENTION_SCORE": {
            "value": -53.08
          },
          "MCCI": {
            "value": 42.46
          },
          "ERP_Account": {
            "title": "Robert Bosch GmbH",
            "key": "0000010010",
            "link": null
          },
          "SNAPSHOT_DATE": {
            "title": "2022-09-18",
            "key": "2022-09-18",
            "link": null
          }
        },
        {
          "Customer_Text": {
            "title": "Robert Bosch GmbH",
            "key": "Robert Bosch GmbH",
            "link": null
          },
          "PREVENTION_SCORE": {
            "value": -53.08
          },
          "MCCI": {
            "value": 42.46
          },
          "ERP_Account": {
            "title": "Robert Bosch GmbH",
            "key": "0000010010",
            "link": null
          },
          "SNAPSHOT_DATE": {
            "title": "2022-09-17",
            "key": "2022-09-17",
            "link": null
          }
        },
        {
          "Customer_Text": {
            "title": "Robert Bosch GmbH",
            "key": "Robert Bosch GmbH",
            "link": null
          },
          "PREVENTION_SCORE": {
            "value": -53.46
          },
          "MCCI": {
            "value": 42.77
          },
          "ERP_Account": {
            "title": "Robert Bosch GmbH",
            "key": "0000010010",
            "link": null
          },
          "SNAPSHOT_DATE": {
            "title": "2022-09-16",
            "key": "2022-09-16",
            "link": null
          }
        },
        {
          "Customer_Text": {
            "title": "Robert Bosch GmbH",
            "key": "Robert Bosch GmbH",
            "link": null
          },
          "PREVENTION_SCORE": {
            "value": -52.73
          },
          "MCCI": {
            "value": 42.18
          },
          "ERP_Account": {
            "title": "Robert Bosch GmbH",
            "key": "0000010010",
            "link": null
          },
          "SNAPSHOT_DATE": {
            "title": "2022-09-15",
            "key": "2022-09-15",
            "link": null
          }
        }
      ]
    }
  }
}