{
	"description": "MCCi & Prevention Score Trend, last 14 days",
	"threshold": 0,
	"showThresholdValue": true,
	"thresholdDisplayValue": "0",
	"showThresholdLine": true,
	"leftTopLabel": "120 M",
	"rightTopLabel": "140 M",
	"leftBottomLabel": "21 Jul 22",
	"rightBottomLabel": "4 Aug 22",
	"showPoints": true,
	"lines": [{
		"points": [{
			"x": 0,
			"y": 50
		}, {
			"x": 10,
			"y": 68
		}, {
			"x": 20,
			"y": 25
		}, {
			"x": 30,
			"y": 45
		}, {
			"x": 40,
			"y": 67
		}, {
			"x": 50,
			"y": 88
		}, {
			"x": 60,
			"y": 55
		}, {
			"x": 70,
			"y": 40
		}, {
			"x": 80,
			"y": 20
		}, {
			"x": 90,
			"y": 75
		}, {
			"x": 100,
			"y": 30
		}, {
			"x": 110,
			"y": 50
		}]
	}, {
		"points": [{
			"x": 0,
			"y": 55
		}, {
			"x": 10,
			"y": 40
		}, {
			"x": 20,
			"y": 20
		}, {
			"x": 30,
			"y": 75
		}, {
			"x": 40,
			"y": 30
		}, {
			"x": 50,
			"y": 50
		}, {
			"x": 60,
			"y": 50
		}, {
			"x": 70,
			"y": 68
		}, {
			"x": 80,
			"y": 25
		}, {
			"x": 90,
			"y": 45
		}, {
			"x": 100,
			"y": 67
		}, {
			"x": 110,
			"y": 88
		}]
	}]
}