{
	"root": {
		"empty": "",
		"horizonStart": "20230205000000",
		"horizonEnd": "20230315000000",
		"containerHeight": "205",
		"children": [{
			"text": "Rating",
			"task": [{
				"color": "sapUiNegativeText",
				"title": "Red"
			}, {
				"color": "sapUiLegend1",
				"title": "Yellow"
			}, {
				"color": "sapUiPositiveText",
				"title": "Green"
			}],
			"children": [{
				"overlapping": 0,
				"text": "Checkpoints",
				"subtask": [{
					"title": "Start of Escalation",
					"icon": "sap-icon://begin"
				}, {
					"title": "Announcement",
					"icon": "sap-icon://meeting-room"
				}, {
					"title": "E2E Assessment",
					"icon": "sap-icon://filter-analytics"
				}, {
					"title": "Sign-Off",
					"icon": "sap-icon://approvals"
				}, {
					"title": "Rerating to Yellow",
					"icon": "sap-icon://workflow-tasks"
				}, {
					"title": "Rerating to Green",
					"icon": "sap-icon://workflow-tasks"
				}, {
					"title": "Closing Judging",
					"icon": "sap-icon://company-view"
				}]
			}]
		}, {
			"text": "Top Issues",
			"taskIssue": [],
			"children": []
		}]
	}
}