<edmx:Edmx xmlns:edmx="http://schemas.microsoft.com/ado/2007/06/edmx" xmlns:sap="http://www.sap.com/Protocols/SAPData"
	xmlns:ux="http://www.sap.com/Protocols/OData4SAP/UX" xmlns:gp="http://www.sap.com/Protocols/SAPData/GenericPlayer" Version="1.0">
	<edmx:DataServices xmlns:m="http://schemas.microsoft.com/ado/2007/08/dataservices/metadata" m:DataServiceVersion="2.0">
		<Schema xmlns="http://schemas.microsoft.com/ado/2008/09/edm" Namespace="MCCIssueTracking">
			<EntityType Name="DropdownValues">
				<Key><PropertyRef Name="DropdownID"/></Key><Property Name="DropdownID" Type="Edm.Guid" Nullable="false"/><Property Name="DropdownName" Type="Edm.String"/><Property Name="DropdownValue" Type="Edm.String"/><Property Name="position" Type="Edm.Int32"/><Property Name="ProfileName" Type="Edm.String"/></EntityType>
			<EntityType Name="Fields">
				<Key><PropertyRef Name="FieldID"/></Key><Property Name="FieldID" Type="Edm.Guid" Nullable="false"/><Property Name="ProfileName" Type="Edm.String"/><Property Name="label" Type="Edm.String"/><Property Name="mandatory" Type="Edm.Boolean"/><Property Name="editable" Type="Edm.Boolean"/><Property Name="UIArea" Type="Edm.String"/><Property Name="position" Type="Edm.Int32"/><Property Name="Fieldtype" Type="Edm.String"/><Property Name="DropdownName" Type="Edm.String"/><Property Name="Source" Type="Edm.String"/><Property Name="DBColumnName" Type="Edm.String"/><NavigationProperty Name="toDropdownValues" Relationship="MCCIssueTracking.Fields_toDropdownValues" FromRole="Fields"
					ToRole="DropdownValues"/></EntityType>
			<EntityType Name="Profiles">
				<Key><PropertyRef Name="ProfileName"/></Key><Property Name="ProfileName" Type="Edm.String" Nullable="false"/><Property Name="Description" Type="Edm.String"/><Property Name="FilterCriteria" Type="Edm.String"/><NavigationProperty Name="toFields" Relationship="MCCIssueTracking.Profiles_toFields" FromRole="Profiles" ToRole="Fields"/></EntityType>
			<Association Name="Fields_toDropdownValues"><End Type="MCCIssueTracking.Fields" Multiplicity="*" Role="Fields"/><End Type="MCCIssueTracking.DropdownValues" Multiplicity="*" Role="DropdownValues"/></Association>
			<Association Name="Profiles_toFields"><End Type="MCCIssueTracking.Profiles" Multiplicity="*" Role="Profiles"/><End Type="MCCIssueTracking.Fields" Multiplicity="*" Role="Fields"/></Association>
			<EntityContainer Name="EntityContainer" m:IsDefaultEntityContainer="true"><EntitySet Name="DropdownValues" EntityType="MCCIssueTracking.DropdownValues"/><EntitySet Name="Fields" EntityType="MCCIssueTracking.Fields"/><EntitySet Name="Profiles" EntityType="MCCIssueTracking.Profiles"/>
				<AssociationSet Name="Fields_toDropdownValues" Association="MCCIssueTracking.Fields_toDropdownValues"><End EntitySet="Fields" Role="Fields"/><End EntitySet="DropdownValues" Role="DropdownValues"/></AssociationSet>
				<AssociationSet Name="Profiles_toFields" Association="MCCIssueTracking.Profiles_toFields"><End EntitySet="Profiles" Role="Profiles"/><End EntitySet="Fields" Role="Fields"/></AssociationSet>
			</EntityContainer>
		</Schema>
	</edmx:DataServices>
</edmx:Edmx>