<edmx:Edmx xmlns:edmx="http://schemas.microsoft.com/ado/2007/06/edmx" xmlns:sap="http://www.sap.com/Protocols/SAPData" Version="1.0">
	<edmx:Reference xmlns:edmx="http://docs.oasis-open.org/odata/ns/edmx" Uri="https://sap.github.io/odata-vocabularies/vocabularies/Common.xml"><edmx:Include Alias="Common" Namespace="com.sap.vocabularies.Common.v1"/></edmx:Reference>
	<edmx:Reference xmlns:edmx="http://docs.oasis-open.org/odata/ns/edmx"
		Uri="https://oasis-tcs.github.io/odata-vocabularies/vocabularies/Org.OData.Core.V1.xml"><edmx:Include Alias="Core" Namespace="Org.OData.Core.V1"/></edmx:Reference>
	<edmx:Reference xmlns:edmx="http://docs.oasis-open.org/odata/ns/edmx" Uri="https://sap.github.io/odata-vocabularies/vocabularies/UI.xml"><edmx:Include Alias="UI" Namespace="com.sap.vocabularies.UI.v1"/></edmx:Reference>
	<edmx:DataServices xmlns:m="http://schemas.microsoft.com/ado/2007/08/dataservices/metadata" m:DataServiceVersion="1.0">
		<Schema xmlns="http://schemas.microsoft.com/ado/2008/09/edm" Namespace="MCCOnedashboard">
			<EntityType Name="MailRoles">
				<Key><PropertyRef Name="RoleID"/></Key><Property Name="createdAt" Type="Edm.DateTimeOffset" Precision="7"/><Property Name="createdBy" Type="Edm.String" MaxLength="255"/><Property Name="modifiedAt" Type="Edm.DateTimeOffset" Precision="7"/><Property Name="modifiedBy" Type="Edm.String" MaxLength="255"/><Property Name="RoleID" Type="Edm.Guid" Nullable="false"/><Property Name="caseID" Type="Edm.Int32"/><Property Name="RoleName" Type="Edm.String"/><Property Name="Recipients" Type="Edm.String"/><Property Name="RoleType" Type="Edm.String"/><Property Name="country" Type="Edm.String"/><Property Name="region" Type="Edm.String"/><Property Name="subregion" Type="Edm.String"/><Property Name="subsubregion" Type="Edm.String"/><Property Name="subsubsubregion" Type="Edm.String"/><Property Name="SolutionArea" Type="Edm.String"/><Property Name="PartnerId" Type="Edm.String"/><Property Name="PartnerFct" Type="Edm.String"/><Property Name="Customer" Type="Edm.String"/><Property Name="ProductCategory" Type="Edm.String"/><Property Name="ProductLine" Type="Edm.String"/><Property Name="Product" Type="Edm.String"/><Property Name="SupportEngagement" Type="Edm.String"/><Property Name="GlobalUltimate" Type="Edm.String"/><Property Name="CustomerEngagement" Type="Edm.String"/><Property Name="UserID" Type="Edm.String"/></EntityType>
			<EntityContainer Name="EntityContainer" m:IsDefaultEntityContainer="true"><EntitySet Name="MailRoles" EntityType="MCCOnedashboard.MailRoles"/></EntityContainer>
			<Annotations xmlns="http://docs.oasis-open.org/odata/ns/edm" Target="MCCOnedashboard.MailRoles/createdAt"><Annotation xmlns="http://docs.oasis-open.org/odata/ns/edm" Term="Common.Label" String="Created On"/><Annotation xmlns="http://docs.oasis-open.org/odata/ns/edm" Term="Core.Computed" Bool="true"/><Annotation xmlns="http://docs.oasis-open.org/odata/ns/edm" Term="Core.Immutable" Bool="true"/><Annotation xmlns="http://docs.oasis-open.org/odata/ns/edm" Term="UI.HiddenFilter" Bool="true"/></Annotations>
			<Annotations xmlns="http://docs.oasis-open.org/odata/ns/edm" Target="MCCOnedashboard.MailRoles/createdBy"><Annotation xmlns="http://docs.oasis-open.org/odata/ns/edm" Term="Common.Label" String="Created By"/><Annotation xmlns="http://docs.oasis-open.org/odata/ns/edm" Term="Core.Computed" Bool="true"/><Annotation xmlns="http://docs.oasis-open.org/odata/ns/edm" Term="Core.Description" String="User's unique ID"/><Annotation xmlns="http://docs.oasis-open.org/odata/ns/edm" Term="Core.Immutable" Bool="true"/><Annotation xmlns="http://docs.oasis-open.org/odata/ns/edm" Term="UI.HiddenFilter" Bool="true"/></Annotations>
			<Annotations xmlns="http://docs.oasis-open.org/odata/ns/edm" Target="MCCOnedashboard.MailRoles/modifiedAt"><Annotation xmlns="http://docs.oasis-open.org/odata/ns/edm" Term="Common.Label" String="Changed On"/><Annotation xmlns="http://docs.oasis-open.org/odata/ns/edm" Term="Core.Computed" Bool="true"/><Annotation xmlns="http://docs.oasis-open.org/odata/ns/edm" Term="UI.HiddenFilter" Bool="true"/></Annotations>
			<Annotations xmlns="http://docs.oasis-open.org/odata/ns/edm" Target="MCCOnedashboard.MailRoles/modifiedBy"><Annotation xmlns="http://docs.oasis-open.org/odata/ns/edm" Term="Common.Label" String="Changed By"/><Annotation xmlns="http://docs.oasis-open.org/odata/ns/edm" Term="Core.Computed" Bool="true"/><Annotation xmlns="http://docs.oasis-open.org/odata/ns/edm" Term="Core.Description" String="User's unique ID"/><Annotation xmlns="http://docs.oasis-open.org/odata/ns/edm" Term="UI.HiddenFilter" Bool="true"/></Annotations>
		</Schema>
	</edmx:DataServices>
</edmx:Edmx>