{
  "queryResults": {
    "CL_ENG_CASES_ONEDASHBOARD": {
      "columns": {
        "hierarchies": [],
        "attributes": [
          {
            "identifier": "Case_Main_Partner_Country",
            "title": "Case Main Partner Country"
          },
          {
            "identifier": "Case_Status",
            "title": "Case Status"
          },
          {
            "identifier": "Overview_Customer_Type",
            "title": "Overview: Customer Type"
          },
          {
            "identifier": "Global_Ultimate",
            "title": "Global Ultimate"
          },
          {
            "identifier": "Customer_ERP_Account",
            "title": "Customer ERP Account"
          },
          {
            "identifier": "Overview_Go_Live_Date",
            "title": "Overview: Go Live Date"
          },
          {
            "identifier": "PPMS_Product",
            "title": "PPMS Product"
          },
          {
            "identifier": "Closing_Date_Day_YYYYMMDD",
            "title": "Closing Date Day"
          },
          {
            "identifier": "Customer_ERP_Account_ID",
            "title": "Customer ERP Account ID"
          },
          {
            "identifier": "PPMS_Product_Name",
            "title": "PPMS Product Name"
          },
          {
            "identifier": "GU_ERP_Account_ID",
            "title": "GU ERP Account ID"
          },
          {
            "identifier": "Case_Type",
            "title": "Case Type"
          },
          {
            "identifier": "Case_Description",
            "title": "Case Description"
          },
          {
            "identifier": "Case_ID",
            "title": "Case ID"
          },
          {
            "identifier": "Case_Main_Product_Flag",
            "title": "Case Main Product Flag"
          },
          {
            "identifier": "Creation_Date_Day_YYYYMMDD",
            "title": "Creation Date Day YYYYMMDD"
          }
        ],
        "measures": []
      },
      "rows": [
        {
          "Case_ID": {
            "title": "20115480",
            "key": "20115480",
            "link": null
          },
          "Case_Description": {
            "title": " SFSF CRITICAL PERIOD COVERAGE",
            "key": " SFSF CRITICAL PERIOD COVERAGE",
            "link": null
          },
          "Case_Status": {
            "title": "In Process",
            "key": "80",
            "link": null
          },
          "Overview_Go_Live_Date": {
            "title": "2024-10-17",
            "key": "2024-10-17",
            "link": null
          },
          "Customer_ERP_Account": {
            "title": "Singapore Telecommunications Limite",
            "key": "0000022735",
            "link": null
          },
          "Case_Main_Product_Flag": {
            "title": "X",
            "key": "X",
            "link": null
          },
          "Case_Type": {
            "title": "ZS02",
            "key": "ZS02",
            "link": null
          },
          "Case_Main_Partner_Country": {
            "title": "Singapore",
            "key": "Singapore",
            "link": null
          },
          "PPMS_Product": {
            "title": "73555000100800001602",
            "key": "73555000100800001602",
            "link": null
          },
          "PPMS_Product_Name": {
            "title": "SAP SFSF INCENTIVE MANAGEMENT",
            "key": "73555000100800001602",
            "link": null
          },
          "Creation_Date_Day_YYYYMMDD": {
            "title": "20241014",
            "key": "20241014",
            "link": null
          },
          "Closing_Date_Day_YYYYMMDD": {
            "title": null,
            "key": null,
            "link": null
          },
          "Customer_ERP_Account_ID": {
            "title": "0000022735",
            "key": "0000022735",
            "link": null
          },
          "GU_ERP_Account_ID": {
            "title": "0000022735",
            "key": "0000022735",
            "link": null
          },
          "Overview_Customer_Type": {
            "title": "MCC Critical Period Coverage",
            "key": "ZSCUSTYP04",
            "link": null
          },
          "Global_Ultimate": {
            "title": "Singapore Telecommunications Limite",
            "key": "0000022735",
            "link": null
          }
        },
        {
          "Case_ID": {
            "title": "20115621",
            "key": "20115621",
            "link": null
          },
          "Case_Description": {
            "title": " CPC  RISE  S4HPE  GREENFIELD S/4HANA 2023 GO LIVE",
            "key": " CPC  RISE  S4HPE  GREENFIELD S/4HANA 2023 GO LIVE",
            "link": null
          },
          "Case_Status": {
            "title": "In Process",
            "key": "80",
            "link": null
          },
          "Overview_Go_Live_Date": {
            "title": "2024-10-21",
            "key": "2024-10-21",
            "link": null
          },
          "Customer_ERP_Account": {
            "title": "The Bank of N.T. Butterfield &",
            "key": "0000186838",
            "link": null
          },
          "Case_Main_Product_Flag": {
            "title": "X",
            "key": "X",
            "link": null
          },
          "Case_Type": {
            "title": "ZS02",
            "key": "ZS02",
            "link": null
          },
          "Case_Main_Partner_Country": {
            "title": "Bermuda",
            "key": "Bermuda",
            "link": null
          },
          "PPMS_Product": {
            "title": "73554900100800000266",
            "key": "73554900100800000266",
            "link": null
          },
          "PPMS_Product_Name": {
            "title": "SAP S/4HANA",
            "key": "73554900100800000266",
            "link": null
          },
          "Creation_Date_Day_YYYYMMDD": {
            "title": "20241015",
            "key": "20241015",
            "link": null
          },
          "Closing_Date_Day_YYYYMMDD": {
            "title": null,
            "key": null,
            "link": null
          },
          "Customer_ERP_Account_ID": {
            "title": "0000186838",
            "key": "0000186838",
            "link": null
          },
          "GU_ERP_Account_ID": {
            "title": "0000186838",
            "key": "0000186838",
            "link": null
          },
          "Overview_Customer_Type": {
            "title": "MCC Critical Period Coverage",
            "key": "ZSCUSTYP04",
            "link": null
          },
          "Global_Ultimate": {
            "title": "The Bank of N.T. Butterfield &",
            "key": "0000186838",
            "link": null
          }
        },
        {
          "Case_ID": {
            "title": "20115815",
            "key": "20115815",
            "link": null
          },
          "Case_Description": {
            "title": " S4H  XX S4HANA CPC",
            "key": " S4H  XX S4HANA CPC",
            "link": null
          },
          "Case_Status": {
            "title": "New",
            "key": "71",
            "link": null
          },
          "Overview_Go_Live_Date": {
            "title": "2024-10-28",
            "key": "2024-10-28",
            "link": null
          },
          "Customer_ERP_Account": {
            "title": "Sino Administration Services Limite",
            "key": "0001008751",
            "link": null
          },
          "Case_Main_Product_Flag": {
            "title": "X",
            "key": "X",
            "link": null
          },
          "Case_Type": {
            "title": "ZS02",
            "key": "ZS02",
            "link": null
          },
          "Case_Main_Partner_Country": {
            "title": "Hong Kong",
            "key": "Hong Kong",
            "link": null
          },
          "PPMS_Product": {
            "title": "73555000100800004663",
            "key": "73555000100800004663",
            "link": null
          },
          "PPMS_Product_Name": {
            "title": "SAP S/4HANA PRIVATE CLOUD",
            "key": "73555000100800004663",
            "link": null
          },
          "Creation_Date_Day_YYYYMMDD": {
            "title": "20241021",
            "key": "20241021",
            "link": null
          },
          "Closing_Date_Day_YYYYMMDD": {
            "title": null,
            "key": null,
            "link": null
          },
          "Customer_ERP_Account_ID": {
            "title": "0001008751",
            "key": "0001008751",
            "link": null
          },
          "GU_ERP_Account_ID": {
            "title": "0001357341",
            "key": "0001357341",
            "link": null
          },
          "Overview_Customer_Type": {
            "title": "MCC Critical Period Coverage",
            "key": "ZSCUSTYP04",
            "link": null
          },
          "Global_Ultimate": {
            "title": "Sino Land Company Limited",
            "key": "0001357341",
            "link": null
          }
        },
        {
          "Case_ID": {
            "title": "20115246",
            "key": "20115246",
            "link": null
          },
          "Case_Description": {
            "title": " S4H  XX  S4HANA CPC",
            "key": " S4H  XX  S4HANA CPC",
            "link": null
          },
          "Case_Status": {
            "title": "New",
            "key": "71",
            "link": null
          },
          "Overview_Go_Live_Date": {
            "title": "2024-10-08",
            "key": "2024-10-08",
            "link": null
          },
          "Customer_ERP_Account": {
            "title": "Fujitsu Limited",
            "key": "0000238642",
            "link": null
          },
          "Case_Main_Product_Flag": {
            "title": "X",
            "key": "X",
            "link": null
          },
          "Case_Type": {
            "title": "ZS02",
            "key": "ZS02",
            "link": null
          },
          "Case_Main_Partner_Country": {
            "title": "Japan",
            "key": "Japan",
            "link": null
          },
          "PPMS_Product": {
            "title": "73555000100800004663",
            "key": "73555000100800004663",
            "link": null
          },
          "PPMS_Product_Name": {
            "title": "SAP S/4HANA PRIVATE CLOUD",
            "key": "73555000100800004663",
            "link": null
          },
          "Creation_Date_Day_YYYYMMDD": {
            "title": "20241008",
            "key": "20241008",
            "link": null
          },
          "Closing_Date_Day_YYYYMMDD": {
            "title": null,
            "key": null,
            "link": null
          },
          "Customer_ERP_Account_ID": {
            "title": "0000238642",
            "key": "0000238642",
            "link": null
          },
          "GU_ERP_Account_ID": {
            "title": "0000238642",
            "key": "0000238642",
            "link": null
          },
          "Overview_Customer_Type": {
            "title": "MCC Critical Period Coverage",
            "key": "ZSCUSTYP04",
            "link": null
          },
          "Global_Ultimate": {
            "title": "Fujitsu Limited",
            "key": "0000238642",
            "link": null
          }
        },
        {
          "Case_ID": {
            "title": "20114763",
            "key": "20114763",
            "link": null
          },
          "Case_Description": {
            "title": "SAP MCC SOS REQUEST",
            "key": "SAP MCC SOS REQUEST",
            "link": null
          },
          "Case_Status": {
            "title": "In Process",
            "key": "80",
            "link": null
          },
          "Overview_Go_Live_Date": {
            "title": "2024-10-17",
            "key": "2024-10-17",
            "link": null
          },
          "Customer_ERP_Account": {
            "title": "Vbbr Conveniencia S.A.",
            "key": "0003018169",
            "link": null
          },
          "Case_Main_Product_Flag": {
            "title": "X",
            "key": "X",
            "link": null
          },
          "Case_Type": {
            "title": "ZS02",
            "key": "ZS02",
            "link": null
          },
          "Case_Main_Partner_Country": {
            "title": "Brazil",
            "key": "Brazil",
            "link": null
          },
          "PPMS_Product": {
            "title": "73555000100800004663",
            "key": "73555000100800004663",
            "link": null
          },
          "PPMS_Product_Name": {
            "title": "SAP S/4HANA PRIVATE CLOUD",
            "key": "73555000100800004663",
            "link": null
          },
          "Creation_Date_Day_YYYYMMDD": {
            "title": "20240926",
            "key": "20240926",
            "link": null
          },
          "Closing_Date_Day_YYYYMMDD": {
            "title": null,
            "key": null,
            "link": null
          },
          "Customer_ERP_Account_ID": {
            "title": "0003018169",
            "key": "0003018169",
            "link": null
          },
          "GU_ERP_Account_ID": {
            "title": "0000525743",
            "key": "0000525743",
            "link": null
          },
          "Overview_Customer_Type": {
            "title": "MCC Critical Period Coverage",
            "key": "ZSCUSTYP04",
            "link": null
          },
          "Global_Ultimate": {
            "title": "VIBRA ENERGIA S.A",
            "key": "0000525743",
            "link": null
          }
        },
        {
          "Case_ID": {
            "title": "20115233",
            "key": "20115233",
            "link": null
          },
          "Case_Description": {
            "title": " BTP  SCP  BTP CLOUD PLATFORM",
            "key": " BTP  SCP  BTP CLOUD PLATFORM",
            "link": null
          },
          "Case_Status": {
            "title": "New",
            "key": "71",
            "link": null
          },
          "Overview_Go_Live_Date": {
            "title": "2024-10-08",
            "key": "2024-10-08",
            "link": null
          },
          "Customer_ERP_Account": {
            "title": "Fujitsu Limited",
            "key": "0000238642",
            "link": null
          },
          "Case_Main_Product_Flag": {
            "title": "X",
            "key": "X",
            "link": null
          },
          "Case_Type": {
            "title": "ZS02",
            "key": "ZS02",
            "link": null
          },
          "Case_Main_Partner_Country": {
            "title": "Japan",
            "key": "Japan",
            "link": null
          },
          "PPMS_Product": {
            "title": "73555000100800000287",
            "key": "73555000100800000287",
            "link": null
          },
          "PPMS_Product_Name": {
            "title": "CP CLOUD FOUNDRY",
            "key": "73555000100800000287",
            "link": null
          },
          "Creation_Date_Day_YYYYMMDD": {
            "title": "20241008",
            "key": "20241008",
            "link": null
          },
          "Closing_Date_Day_YYYYMMDD": {
            "title": null,
            "key": null,
            "link": null
          },
          "Customer_ERP_Account_ID": {
            "title": "0000238642",
            "key": "0000238642",
            "link": null
          },
          "GU_ERP_Account_ID": {
            "title": "0000238642",
            "key": "0000238642",
            "link": null
          },
          "Overview_Customer_Type": {
            "title": "MCC Critical Period Coverage",
            "key": "ZSCUSTYP04",
            "link": null
          },
          "Global_Ultimate": {
            "title": "Fujitsu Limited",
            "key": "0000238642",
            "link": null
          }
        },
        {
          "Case_ID": {
            "title": "20115643",
            "key": "20115643",
            "link": null
          },
          "Case_Description": {
            "title": " S/4H  XX DRC MALAYSIA",
            "key": " S/4H  XX DRC MALAYSIA",
            "link": null
          },
          "Case_Status": {
            "title": "In Process",
            "key": "80",
            "link": null
          },
          "Overview_Go_Live_Date": {
            "title": "2024-11-01",
            "key": "2024-11-01",
            "link": null
          },
          "Customer_ERP_Account": {
            "title": "Central Sugars Refinery Sdn Bhd",
            "key": "0001356517",
            "link": null
          },
          "Case_Main_Product_Flag": {
            "title": "X",
            "key": "X",
            "link": null
          },
          "Case_Type": {
            "title": "ZS02",
            "key": "ZS02",
            "link": null
          },
          "Case_Main_Partner_Country": {
            "title": "Malaysia",
            "key": "Malaysia",
            "link": null
          },
          "PPMS_Product": {
            "title": "73555000100800001511",
            "key": "73555000100800001511",
            "link": null
          },
          "PPMS_Product_Name": {
            "title": "SAP DRC CLOUD",
            "key": "73555000100800001511",
            "link": null
          },
          "Creation_Date_Day_YYYYMMDD": {
            "title": "20241015",
            "key": "20241015",
            "link": null
          },
          "Closing_Date_Day_YYYYMMDD": {
            "title": null,
            "key": null,
            "link": null
          },
          "Customer_ERP_Account_ID": {
            "title": "0001356517",
            "key": "0001356517",
            "link": null
          },
          "GU_ERP_Account_ID": {
            "title": "0001770281",
            "key": "0001770281",
            "link": null
          },
          "Overview_Customer_Type": {
            "title": "MCC Critical Customer Management",
            "key": "ZSCUSTYP05",
            "link": null
          },
          "Global_Ultimate": {
            "title": "AlBukhary Corporation Sdn Bhd",
            "key": "0001770281",
            "link": null
          }
        },
        {
          "Case_ID": {
            "title": "20114849",
            "key": "20114849",
            "link": null
          },
          "Case_Description": {
            "title": " S4H  CRITICAL GOLIVE ISSUES",
            "key": " S4H  CRITICAL GOLIVE ISSUES",
            "link": null
          },
          "Case_Status": {
            "title": "In Process",
            "key": "80",
            "link": null
          },
          "Overview_Go_Live_Date": {
            "title": "2024-11-01",
            "key": "2024-11-01",
            "link": null
          },
          "Customer_ERP_Account": {
            "title": "Fcamara Consultoria E Formacao Em",
            "key": "0001818597",
            "link": null
          },
          "Case_Main_Product_Flag": {
            "title": "X",
            "key": "X",
            "link": null
          },
          "Case_Type": {
            "title": "ZS02",
            "key": "ZS02",
            "link": null
          },
          "Case_Main_Partner_Country": {
            "title": "Brazil",
            "key": "Brazil",
            "link": null
          },
          "PPMS_Product": {
            "title": "67837800100800007389",
            "key": "67837800100800007389",
            "link": null
          },
          "PPMS_Product_Name": {
            "title": "SAP S/4HANA CLOUD",
            "key": "67837800100800007389",
            "link": null
          },
          "Creation_Date_Day_YYYYMMDD": {
            "title": "20240930",
            "key": "20240930",
            "link": null
          },
          "Closing_Date_Day_YYYYMMDD": {
            "title": null,
            "key": null,
            "link": null
          },
          "Customer_ERP_Account_ID": {
            "title": "0001818597",
            "key": "0001818597",
            "link": null
          },
          "GU_ERP_Account_ID": {
            "title": "0001818597",
            "key": "0001818597",
            "link": null
          },
          "Overview_Customer_Type": {
            "title": "MCC Critical Customer Management",
            "key": "ZSCUSTYP05",
            "link": null
          },
          "Global_Ultimate": {
            "title": "Fcamara Consultoria E Formacao Em",
            "key": "0001818597",
            "link": null
          }
        },
        {
          "Case_ID": {
            "title": "20115794",
            "key": "20115794",
            "link": null
          },
          "Case_Description": {
            "title": " S4HC  EE  ENTERPRISE EDITION",
            "key": " S4HC  EE  ENTERPRISE EDITION",
            "link": null
          },
          "Case_Status": {
            "title": "In Process",
            "key": "80",
            "link": null
          },
          "Overview_Go_Live_Date": {
            "title": "2024-11-04",
            "key": "2024-11-04",
            "link": null
          },
          "Customer_ERP_Account": {
            "title": "Umasons Auto Compo Private Limited",
            "key": "0000921420",
            "link": null
          },
          "Case_Main_Product_Flag": {
            "title": "X",
            "key": "X",
            "link": null
          },
          "Case_Type": {
            "title": "ZS02",
            "key": "ZS02",
            "link": null
          },
          "Case_Main_Partner_Country": {
            "title": "India",
            "key": "India",
            "link": null
          },
          "PPMS_Product": {
            "title": "67837800100800007389",
            "key": "67837800100800007389",
            "link": null
          },
          "PPMS_Product_Name": {
            "title": "SAP S/4HANA CLOUD",
            "key": "67837800100800007389",
            "link": null
          },
          "Creation_Date_Day_YYYYMMDD": {
            "title": "20241018",
            "key": "20241018",
            "link": null
          },
          "Closing_Date_Day_YYYYMMDD": {
            "title": null,
            "key": null,
            "link": null
          },
          "Customer_ERP_Account_ID": {
            "title": "0000921420",
            "key": "0000921420",
            "link": null
          },
          "GU_ERP_Account_ID": {
            "title": "0000921420",
            "key": "0000921420",
            "link": null
          },
          "Overview_Customer_Type": {
            "title": "MCC Critical Customer Management",
            "key": "ZSCUSTYP05",
            "link": null
          },
          "Global_Ultimate": {
            "title": "Umasons Auto Compo Private Limited",
            "key": "0000921420",
            "link": null
          }
        },
        {
          "Case_ID": {
            "title": "20115268",
            "key": "20115268",
            "link": null
          },
          "Case_Description": {
            "title": " CCM  S4H  CE  SEVERAL ISSUES AFFECTING GOLIVE",
            "key": " CCM  S4H  CE  SEVERAL ISSUES AFFECTING GOLIVE",
            "link": null
          },
          "Case_Status": {
            "title": "In Process",
            "key": "80",
            "link": null
          },
          "Overview_Go_Live_Date": {
            "title": "2024-11-17",
            "key": "2024-11-17",
            "link": null
          },
          "Customer_ERP_Account": {
            "title": "CENTRO COLOMBO AMERICANO",
            "key": "0002483123",
            "link": null
          },
          "Case_Main_Product_Flag": {
            "title": "X",
            "key": "X",
            "link": null
          },
          "Case_Type": {
            "title": "ZS02",
            "key": "ZS02",
            "link": null
          },
          "Case_Main_Partner_Country": {
            "title": "Colombia",
            "key": "Colombia",
            "link": null
          },
          "PPMS_Product": {
            "title": "67837800100800007389",
            "key": "67837800100800007389",
            "link": null
          },
          "PPMS_Product_Name": {
            "title": "SAP S/4HANA CLOUD",
            "key": "67837800100800007389",
            "link": null
          },
          "Creation_Date_Day_YYYYMMDD": {
            "title": "20241008",
            "key": "20241008",
            "link": null
          },
          "Closing_Date_Day_YYYYMMDD": {
            "title": null,
            "key": null,
            "link": null
          },
          "Customer_ERP_Account_ID": {
            "title": "0002483123",
            "key": "0002483123",
            "link": null
          },
          "GU_ERP_Account_ID": {
            "title": "0002483123",
            "key": "0002483123",
            "link": null
          },
          "Overview_Customer_Type": {
            "title": "MCC Critical Customer Management",
            "key": "ZSCUSTYP05",
            "link": null
          },
          "Global_Ultimate": {
            "title": "CENTRO COLOMBO AMERICANO",
            "key": "0002483123",
            "link": null
          }
        },
        {
          "Case_ID": {
            "title": "20115327",
            "key": "20115327",
            "link": null
          },
          "Case_Description": {
            "title": " CCM  S4H  CE  SEVERAL ISSUES, GOLIVE ENDANGERED",
            "key": " CCM  S4H  CE  SEVERAL ISSUES, GOLIVE ENDANGERED",
            "link": null
          },
          "Case_Status": {
            "title": "In Process",
            "key": "80",
            "link": null
          },
          "Overview_Go_Live_Date": {
            "title": "2024-10-28",
            "key": "2024-10-28",
            "link": null
          },
          "Customer_ERP_Account": {
            "title": "Sied Chile S.A.",
            "key": "0002942283",
            "link": null
          },
          "Case_Main_Product_Flag": {
            "title": "X",
            "key": "X",
            "link": null
          },
          "Case_Type": {
            "title": "ZS02",
            "key": "ZS02",
            "link": null
          },
          "Case_Main_Partner_Country": {
            "title": "Chile",
            "key": "Chile",
            "link": null
          },
          "PPMS_Product": {
            "title": "67837800100800007389",
            "key": "67837800100800007389",
            "link": null
          },
          "PPMS_Product_Name": {
            "title": "SAP S/4HANA CLOUD",
            "key": "67837800100800007389",
            "link": null
          },
          "Creation_Date_Day_YYYYMMDD": {
            "title": "20241009",
            "key": "20241009",
            "link": null
          },
          "Closing_Date_Day_YYYYMMDD": {
            "title": null,
            "key": null,
            "link": null
          },
          "Customer_ERP_Account_ID": {
            "title": "0002942283",
            "key": "0002942283",
            "link": null
          },
          "GU_ERP_Account_ID": {
            "title": "0002942283",
            "key": "0002942283",
            "link": null
          },
          "Overview_Customer_Type": {
            "title": "MCC Critical Customer Management",
            "key": "ZSCUSTYP05",
            "link": null
          },
          "Global_Ultimate": {
            "title": "Sied Chile S.A.",
            "key": "0002942283",
            "link": null
          }
        },
        {
          "Case_ID": {
            "title": "20113887",
            "key": "20113887",
            "link": null
          },
          "Case_Description": {
            "title": " S4H  BADI IMPLEMENTATION BY SAP",
            "key": " S4H  BADI IMPLEMENTATION BY SAP",
            "link": null
          },
          "Case_Status": {
            "title": "In Process",
            "key": "80",
            "link": null
          },
          "Overview_Go_Live_Date": {
            "title": "2024-12-02",
            "key": "2024-12-02",
            "link": null
          },
          "Customer_ERP_Account": {
            "title": "Productos Rivial S.A. de C.V.",
            "key": "0001598909",
            "link": null
          },
          "Case_Main_Product_Flag": {
            "title": "X",
            "key": "X",
            "link": null
          },
          "Case_Type": {
            "title": "ZS02",
            "key": "ZS02",
            "link": null
          },
          "Case_Main_Partner_Country": {
            "title": "Mexico",
            "key": "Mexico",
            "link": null
          },
          "PPMS_Product": {
            "title": "67837800100800007389",
            "key": "67837800100800007389",
            "link": null
          },
          "PPMS_Product_Name": {
            "title": "SAP S/4HANA CLOUD",
            "key": "67837800100800007389",
            "link": null
          },
          "Creation_Date_Day_YYYYMMDD": {
            "title": "20240906",
            "key": "20240906",
            "link": null
          },
          "Closing_Date_Day_YYYYMMDD": {
            "title": null,
            "key": null,
            "link": null
          },
          "Customer_ERP_Account_ID": {
            "title": "0001598909",
            "key": "0001598909",
            "link": null
          },
          "GU_ERP_Account_ID": {
            "title": "0001598909",
            "key": "0001598909",
            "link": null
          },
          "Overview_Customer_Type": {
            "title": "MCC Critical Customer Management",
            "key": "ZSCUSTYP05",
            "link": null
          },
          "Global_Ultimate": {
            "title": "Productos Rivial S.A. de C.V.",
            "key": "0001598909",
            "link": null
          }
        },
        {
          "Case_ID": {
            "title": "20114169",
            "key": "20114169",
            "link": null
          },
          "Case_Description": {
            "title": " S4H  SEVERAL ISSUES IMPLEMENTING PUBLIC CLOUD",
            "key": " S4H  SEVERAL ISSUES IMPLEMENTING PUBLIC CLOUD",
            "link": null
          },
          "Case_Status": {
            "title": "In Process",
            "key": "80",
            "link": null
          },
          "Overview_Go_Live_Date": {
            "title": "2024-11-01",
            "key": "2024-11-01",
            "link": null
          },
          "Customer_ERP_Account": {
            "title": "Atria Corp S.A.C.",
            "key": "0002960913",
            "link": null
          },
          "Case_Main_Product_Flag": {
            "title": "X",
            "key": "X",
            "link": null
          },
          "Case_Type": {
            "title": "ZS02",
            "key": "ZS02",
            "link": null
          },
          "Case_Main_Partner_Country": {
            "title": "Peru",
            "key": "Peru",
            "link": null
          },
          "PPMS_Product": {
            "title": "67837800100800007389",
            "key": "67837800100800007389",
            "link": null
          },
          "PPMS_Product_Name": {
            "title": "SAP S/4HANA CLOUD",
            "key": "67837800100800007389",
            "link": null
          },
          "Creation_Date_Day_YYYYMMDD": {
            "title": "20240919",
            "key": "20240919",
            "link": null
          },
          "Closing_Date_Day_YYYYMMDD": {
            "title": null,
            "key": null,
            "link": null
          },
          "Customer_ERP_Account_ID": {
            "title": "0002960913",
            "key": "0002960913",
            "link": null
          },
          "GU_ERP_Account_ID": {
            "title": "0002960913",
            "key": "0002960913",
            "link": null
          },
          "Overview_Customer_Type": {
            "title": "MCC Critical Customer Management",
            "key": "ZSCUSTYP05",
            "link": null
          },
          "Global_Ultimate": {
            "title": "Atria Corp S.A.C.",
            "key": "0002960913",
            "link": null
          }
        },
        {
          "Case_ID": {
            "title": "20115774",
            "key": "20115774",
            "link": null
          },
          "Case_Description": {
            "title": " CX  SCC SAP COMMERCE CLOUD",
            "key": " CX  SCC SAP COMMERCE CLOUD",
            "link": null
          },
          "Case_Status": {
            "title": "In Process",
            "key": "80",
            "link": null
          },
          "Overview_Go_Live_Date": {
            "title": "2024-10-25",
            "key": "2024-10-25",
            "link": null
          },
          "Customer_ERP_Account": {
            "title": "Sigma Company Limited",
            "key": "0001385770",
            "link": null
          },
          "Case_Main_Product_Flag": {
            "title": "X",
            "key": "X",
            "link": null
          },
          "Case_Type": {
            "title": "ZS02",
            "key": "ZS02",
            "link": null
          },
          "Case_Main_Partner_Country": {
            "title": "Australia",
            "key": "Australia",
            "link": null
          },
          "PPMS_Product": {
            "title": "73555000100800001224",
            "key": "73555000100800001224",
            "link": null
          },
          "PPMS_Product_Name": {
            "title": "SAP COMMERCE CLOUD V2",
            "key": "73555000100800001224",
            "link": null
          },
          "Creation_Date_Day_YYYYMMDD": {
            "title": "20241018",
            "key": "20241018",
            "link": null
          },
          "Closing_Date_Day_YYYYMMDD": {
            "title": null,
            "key": null,
            "link": null
          },
          "Customer_ERP_Account_ID": {
            "title": "0001385770",
            "key": "0001385770",
            "link": null
          },
          "GU_ERP_Account_ID": {
            "title": "0001385770",
            "key": "0001385770",
            "link": null
          },
          "Overview_Customer_Type": {
            "title": "MCC Critical Period Coverage",
            "key": "ZSCUSTYP04",
            "link": null
          },
          "Global_Ultimate": {
            "title": "Sigma Company Limited",
            "key": "0001385770",
            "link": null
          }
        },
        {
          "Case_ID": {
            "title": "20115477",
            "key": "20115477",
            "link": null
          },
          "Case_Description": {
            "title": "2411 SUCCESSFACTORS RELEASE CRITICAL EVENT COVERAGE - CRITIC",
            "key": "2411 SUCCESSFACTORS RELEASE CRITICAL EVENT COVERAGE - CRITIC",
            "link": null
          },
          "Case_Status": {
            "title": "In Process",
            "key": "80",
            "link": null
          },
          "Overview_Go_Live_Date": {
            "title": "2024-11-15",
            "key": "2024-11-15",
            "link": null
          },
          "Customer_ERP_Account": {
            "title": "Coles Group Limited",
            "key": "0000031512",
            "link": null
          },
          "Case_Main_Product_Flag": {
            "title": "X",
            "key": "X",
            "link": null
          },
          "Case_Type": {
            "title": "ZS02",
            "key": "ZS02",
            "link": null
          },
          "Case_Main_Partner_Country": {
            "title": "Australia",
            "key": "Australia",
            "link": null
          },
          "PPMS_Product": {
            "title": "67838200100800004730",
            "key": "67838200100800004730",
            "link": null
          },
          "PPMS_Product_Name": {
            "title": "SUCCESSFACTORS BIZX SUITE",
            "key": "67838200100800004730",
            "link": null
          },
          "Creation_Date_Day_YYYYMMDD": {
            "title": "20241014",
            "key": "20241014",
            "link": null
          },
          "Closing_Date_Day_YYYYMMDD": {
            "title": null,
            "key": null,
            "link": null
          },
          "Customer_ERP_Account_ID": {
            "title": "0000031512",
            "key": "0000031512",
            "link": null
          },
          "GU_ERP_Account_ID": {
            "title": "0000031512",
            "key": "0000031512",
            "link": null
          },
          "Overview_Customer_Type": {
            "title": "MCC Critical Period Coverage",
            "key": "ZSCUSTYP04",
            "link": null
          },
          "Global_Ultimate": {
            "title": "Coles Group Limited",
            "key": "0000031512",
            "link": null
          }
        },
        {
          "Case_ID": {
            "title": "20115458",
            "key": "20115458",
            "link": null
          },
          "Case_Description": {
            "title": "2411 SUCCESSFACTORS HCM RELEASE CRITICAL EVENT COVERAGE",
            "key": "2411 SUCCESSFACTORS HCM RELEASE CRITICAL EVENT COVERAGE",
            "link": null
          },
          "Case_Status": {
            "title": "In Process",
            "key": "80",
            "link": null
          },
          "Overview_Go_Live_Date": {
            "title": "2024-10-25",
            "key": "2024-10-25",
            "link": null
          },
          "Customer_ERP_Account": {
            "title": "YPF, S.A.",
            "key": "0000132484",
            "link": null
          },
          "Case_Main_Product_Flag": {
            "title": "X",
            "key": "X",
            "link": null
          },
          "Case_Type": {
            "title": "ZS02",
            "key": "ZS02",
            "link": null
          },
          "Case_Main_Partner_Country": {
            "title": "Argentina",
            "key": "Argentina",
            "link": null
          },
          "PPMS_Product": {
            "title": "67837800100800006332",
            "key": "67837800100800006332",
            "link": null
          },
          "PPMS_Product_Name": {
            "title": "SUCCESSFACTORS BIZX CORE",
            "key": "67837800100800006332",
            "link": null
          },
          "Creation_Date_Day_YYYYMMDD": {
            "title": "20241011",
            "key": "20241011",
            "link": null
          },
          "Closing_Date_Day_YYYYMMDD": {
            "title": null,
            "key": null,
            "link": null
          },
          "Customer_ERP_Account_ID": {
            "title": "0000132484",
            "key": "0000132484",
            "link": null
          },
          "GU_ERP_Account_ID": {
            "title": "0000132484",
            "key": "0000132484",
            "link": null
          },
          "Overview_Customer_Type": {
            "title": "MCC Critical Period Coverage",
            "key": "ZSCUSTYP04",
            "link": null
          },
          "Global_Ultimate": {
            "title": "YPF, S.A.",
            "key": "0000132484",
            "link": null
          }
        },
        {
          "Case_ID": {
            "title": "20115591",
            "key": "20115591",
            "link": null
          },
          "Case_Description": {
            "title": "2411 SUCCESSFACTORS HCM RELEASE CRITICAL EVENT COVERAGE",
            "key": "2411 SUCCESSFACTORS HCM RELEASE CRITICAL EVENT COVERAGE",
            "link": null
          },
          "Case_Status": {
            "title": "In Process",
            "key": "80",
            "link": null
          },
          "Overview_Go_Live_Date": {
            "title": "2024-10-14",
            "key": "2024-10-14",
            "link": null
          },
          "Customer_ERP_Account": {
            "title": "Banco Santander Mexico S.A.,",
            "key": "0001700163",
            "link": null
          },
          "Case_Main_Product_Flag": {
            "title": "X",
            "key": "X",
            "link": null
          },
          "Case_Type": {
            "title": "ZS02",
            "key": "ZS02",
            "link": null
          },
          "Case_Main_Partner_Country": {
            "title": "Mexico",
            "key": "Mexico",
            "link": null
          },
          "PPMS_Product": {
            "title": "67837800100800006332",
            "key": "67837800100800006332",
            "link": null
          },
          "PPMS_Product_Name": {
            "title": "SUCCESSFACTORS BIZX CORE",
            "key": "67837800100800006332",
            "link": null
          },
          "Creation_Date_Day_YYYYMMDD": {
            "title": "20241014",
            "key": "20241014",
            "link": null
          },
          "Closing_Date_Day_YYYYMMDD": {
            "title": null,
            "key": null,
            "link": null
          },
          "Customer_ERP_Account_ID": {
            "title": "0001700163",
            "key": "0001700163",
            "link": null
          },
          "GU_ERP_Account_ID": {
            "title": "0000173924",
            "key": "0000173924",
            "link": null
          },
          "Overview_Customer_Type": {
            "title": "MCC Critical Period Coverage",
            "key": "ZSCUSTYP04",
            "link": null
          },
          "Global_Ultimate": {
            "title": "GRUPO SANTANDER",
            "key": "0000173924",
            "link": null
          }
        },
        {
          "Case_ID": {
            "title": "20115572",
            "key": "20115572",
            "link": null
          },
          "Case_Description": {
            "title": "2411 SUCCESSFACTORS HCM RELEASE CRITICAL EVENT COVERAGE",
            "key": "2411 SUCCESSFACTORS HCM RELEASE CRITICAL EVENT COVERAGE",
            "link": null
          },
          "Case_Status": {
            "title": "In Process",
            "key": "80",
            "link": null
          },
          "Overview_Go_Live_Date": {
            "title": "2024-10-25",
            "key": "2024-10-25",
            "link": null
          },
          "Customer_ERP_Account": {
            "title": "EMBRAER S.A.",
            "key": "0000269836",
            "link": null
          },
          "Case_Main_Product_Flag": {
            "title": "X",
            "key": "X",
            "link": null
          },
          "Case_Type": {
            "title": "ZS02",
            "key": "ZS02",
            "link": null
          },
          "Case_Main_Partner_Country": {
            "title": "Brazil",
            "key": "Brazil",
            "link": null
          },
          "PPMS_Product": {
            "title": "67837800100800006332",
            "key": "67837800100800006332",
            "link": null
          },
          "PPMS_Product_Name": {
            "title": "SUCCESSFACTORS BIZX CORE",
            "key": "67837800100800006332",
            "link": null
          },
          "Creation_Date_Day_YYYYMMDD": {
            "title": "20241015",
            "key": "20241015",
            "link": null
          },
          "Closing_Date_Day_YYYYMMDD": {
            "title": null,
            "key": null,
            "link": null
          },
          "Customer_ERP_Account_ID": {
            "title": "0000269836",
            "key": "0000269836",
            "link": null
          },
          "GU_ERP_Account_ID": {
            "title": "0000269836",
            "key": "0000269836",
            "link": null
          },
          "Overview_Customer_Type": {
            "title": "MCC Critical Period Coverage",
            "key": "ZSCUSTYP04",
            "link": null
          },
          "Global_Ultimate": {
            "title": "EMBRAER S.A.",
            "key": "0000269836",
            "link": null
          }
        },
        {
          "Case_ID": {
            "title": "20115570",
            "key": "20115570",
            "link": null
          },
          "Case_Description": {
            "title": "2411 SUCCESSFACTORS HCM RELEASE CRITICAL EVENT COVERAGE",
            "key": "2411 SUCCESSFACTORS HCM RELEASE CRITICAL EVENT COVERAGE",
            "link": null
          },
          "Case_Status": {
            "title": "In Process",
            "key": "80",
            "link": null
          },
          "Overview_Go_Live_Date": {
            "title": "2024-10-14",
            "key": "2024-10-14",
            "link": null
          },
          "Customer_ERP_Account": {
            "title": "Celulosa Arauco y Constitucion S.A.",
            "key": "0000270562",
            "link": null
          },
          "Case_Main_Product_Flag": {
            "title": "X",
            "key": "X",
            "link": null
          },
          "Case_Type": {
            "title": "ZS02",
            "key": "ZS02",
            "link": null
          },
          "Case_Main_Partner_Country": {
            "title": "Chile",
            "key": "Chile",
            "link": null
          },
          "PPMS_Product": {
            "title": "67837800100800006332",
            "key": "67837800100800006332",
            "link": null
          },
          "PPMS_Product_Name": {
            "title": "SUCCESSFACTORS BIZX CORE",
            "key": "67837800100800006332",
            "link": null
          },
          "Creation_Date_Day_YYYYMMDD": {
            "title": "20241014",
            "key": "20241014",
            "link": null
          },
          "Closing_Date_Day_YYYYMMDD": {
            "title": null,
            "key": null,
            "link": null
          },
          "Customer_ERP_Account_ID": {
            "title": "0000270562",
            "key": "0000270562",
            "link": null
          },
          "GU_ERP_Account_ID": {
            "title": "0001375078",
            "key": "0001375078",
            "link": null
          },
          "Overview_Customer_Type": {
            "title": "MCC Critical Period Coverage",
            "key": "ZSCUSTYP04",
            "link": null
          },
          "Global_Ultimate": {
            "title": "Empresas Copec S.A.",
            "key": "0001375078",
            "link": null
          }
        },
        {
          "Case_ID": {
            "title": "20115623",
            "key": "20115623",
            "link": null
          },
          "Case_Description": {
            "title": " 2411 SUCCESSFACTORS HCM RELEASE CRITICAL EVENT COVERAGE",
            "key": " 2411 SUCCESSFACTORS HCM RELEASE CRITICAL EVENT COVERAGE",
            "link": null
          },
          "Case_Status": {
            "title": "In Process",
            "key": "80",
            "link": null
          },
          "Overview_Go_Live_Date": {
            "title": "2024-10-25",
            "key": "2024-10-25",
            "link": null
          },
          "Customer_ERP_Account": {
            "title": "Amil Assistencia Medica",
            "key": "0001155138",
            "link": null
          },
          "Case_Main_Product_Flag": {
            "title": "X",
            "key": "X",
            "link": null
          },
          "Case_Type": {
            "title": "ZS02",
            "key": "ZS02",
            "link": null
          },
          "Case_Main_Partner_Country": {
            "title": "Brazil",
            "key": "Brazil",
            "link": null
          },
          "PPMS_Product": {
            "title": "67837800100800006332",
            "key": "67837800100800006332",
            "link": null
          },
          "PPMS_Product_Name": {
            "title": "SUCCESSFACTORS BIZX CORE",
            "key": "67837800100800006332",
            "link": null
          },
          "Creation_Date_Day_YYYYMMDD": {
            "title": "20241015",
            "key": "20241015",
            "link": null
          },
          "Closing_Date_Day_YYYYMMDD": {
            "title": null,
            "key": null,
            "link": null
          },
          "Customer_ERP_Account_ID": {
            "title": "0001155138",
            "key": "0001155138",
            "link": null
          },
          "GU_ERP_Account_ID": {
            "title": "0001155138",
            "key": "0001155138",
            "link": null
          },
          "Overview_Customer_Type": {
            "title": "MCC Critical Period Coverage",
            "key": "ZSCUSTYP04",
            "link": null
          },
          "Global_Ultimate": {
            "title": "Amil Assistencia Medica",
            "key": "0001155138",
            "link": null
          }
        },
        {
          "Case_ID": {
            "title": "20115658",
            "key": "20115658",
            "link": null
          },
          "Case_Description": {
            "title": "2411 SUCCESSFACTORS HCM RELEASE CRITICAL EVENT COVERAGE",
            "key": "2411 SUCCESSFACTORS HCM RELEASE CRITICAL EVENT COVERAGE",
            "link": null
          },
          "Case_Status": {
            "title": "In Process",
            "key": "80",
            "link": null
          },
          "Overview_Go_Live_Date": {
            "title": "2024-10-14",
            "key": "2024-10-14",
            "link": null
          },
          "Customer_ERP_Account": {
            "title": "Grupo Aval - ATH",
            "key": "0001595989",
            "link": null
          },
          "Case_Main_Product_Flag": {
            "title": "X",
            "key": "X",
            "link": null
          },
          "Case_Type": {
            "title": "ZS02",
            "key": "ZS02",
            "link": null
          },
          "Case_Main_Partner_Country": {
            "title": "Colombia",
            "key": "Colombia",
            "link": null
          },
          "PPMS_Product": {
            "title": "67837800100800006332",
            "key": "67837800100800006332",
            "link": null
          },
          "PPMS_Product_Name": {
            "title": "SUCCESSFACTORS BIZX CORE",
            "key": "67837800100800006332",
            "link": null
          },
          "Creation_Date_Day_YYYYMMDD": {
            "title": "20241015",
            "key": "20241015",
            "link": null
          },
          "Closing_Date_Day_YYYYMMDD": {
            "title": null,
            "key": null,
            "link": null
          },
          "Customer_ERP_Account_ID": {
            "title": "0001595989",
            "key": "0001595989",
            "link": null
          },
          "GU_ERP_Account_ID": {
            "title": "0000923459",
            "key": "0000923459",
            "link": null
          },
          "Overview_Customer_Type": {
            "title": "MCC Critical Period Coverage",
            "key": "ZSCUSTYP04",
            "link": null
          },
          "Global_Ultimate": {
            "title": "Grupo Aval Acciones Y Valores S.A.",
            "key": "0000923459",
            "link": null
          }
        },
        {
          "Case_ID": {
            "title": "20115613",
            "key": "20115613",
            "link": null
          },
          "Case_Description": {
            "title": "2411 SUCCESSFACTORS HCM RELEASE CRITICAL EVENT COVERAGE",
            "key": "2411 SUCCESSFACTORS HCM RELEASE CRITICAL EVENT COVERAGE",
            "link": null
          },
          "Case_Status": {
            "title": "In Process",
            "key": "80",
            "link": null
          },
          "Overview_Go_Live_Date": {
            "title": "2024-10-25",
            "key": "2024-10-25",
            "link": null
          },
          "Customer_ERP_Account": {
            "title": "Prevent Senior Private Operadora",
            "key": "0001942259",
            "link": null
          },
          "Case_Main_Product_Flag": {
            "title": "X",
            "key": "X",
            "link": null
          },
          "Case_Type": {
            "title": "ZS02",
            "key": "ZS02",
            "link": null
          },
          "Case_Main_Partner_Country": {
            "title": "Brazil",
            "key": "Brazil",
            "link": null
          },
          "PPMS_Product": {
            "title": "67837800100800006332",
            "key": "67837800100800006332",
            "link": null
          },
          "PPMS_Product_Name": {
            "title": "SUCCESSFACTORS BIZX CORE",
            "key": "67837800100800006332",
            "link": null
          },
          "Creation_Date_Day_YYYYMMDD": {
            "title": "20241014",
            "key": "20241014",
            "link": null
          },
          "Closing_Date_Day_YYYYMMDD": {
            "title": null,
            "key": null,
            "link": null
          },
          "Customer_ERP_Account_ID": {
            "title": "0001942259",
            "key": "0001942259",
            "link": null
          },
          "GU_ERP_Account_ID": {
            "title": "0002154748",
            "key": "0002154748",
            "link": null
          },
          "Overview_Customer_Type": {
            "title": "MCC Critical Period Coverage",
            "key": "ZSCUSTYP04",
            "link": null
          },
          "Global_Ultimate": {
            "title": "Hospital Sancta Maggiore",
            "key": "0002154748",
            "link": null
          }
        },
        {
          "Case_ID": {
            "title": "20115577",
            "key": "20115577",
            "link": null
          },
          "Case_Description": {
            "title": "2411 SUCCESSFACTORS HCM RELEASE CRITICAL EVENT COVERAGE",
            "key": "2411 SUCCESSFACTORS HCM RELEASE CRITICAL EVENT COVERAGE",
            "link": null
          },
          "Case_Status": {
            "title": "In Process",
            "key": "80",
            "link": null
          },
          "Overview_Go_Live_Date": {
            "title": "2024-10-25",
            "key": "2024-10-25",
            "link": null
          },
          "Customer_ERP_Account": {
            "title": "Centro de Servicios Compartidos,",
            "key": "0000812813",
            "link": null
          },
          "Case_Main_Product_Flag": {
            "title": "X",
            "key": "X",
            "link": null
          },
          "Case_Type": {
            "title": "ZS02",
            "key": "ZS02",
            "link": null
          },
          "Case_Main_Partner_Country": {
            "title": "Mexico",
            "key": "Mexico",
            "link": null
          },
          "PPMS_Product": {
            "title": "67837800100800006332",
            "key": "67837800100800006332",
            "link": null
          },
          "PPMS_Product_Name": {
            "title": "SUCCESSFACTORS BIZX CORE",
            "key": "67837800100800006332",
            "link": null
          },
          "Creation_Date_Day_YYYYMMDD": {
            "title": "20241015",
            "key": "20241015",
            "link": null
          },
          "Closing_Date_Day_YYYYMMDD": {
            "title": null,
            "key": null,
            "link": null
          },
          "Customer_ERP_Account_ID": {
            "title": "0000812813",
            "key": "0000812813",
            "link": null
          },
          "GU_ERP_Account_ID": {
            "title": "0000754774",
            "key": "0000754774",
            "link": null
          },
          "Overview_Customer_Type": {
            "title": "MCC Critical Period Coverage",
            "key": "ZSCUSTYP04",
            "link": null
          },
          "Global_Ultimate": {
            "title": "Grupo FEMSA",
            "key": "0000754774",
            "link": null
          }
        },
        {
          "Case_ID": {
            "title": "20114939",
            "key": "20114939",
            "link": null
          },
          "Case_Description": {
            "title": "ARB  SRC REQUEST URGENT ASSISTANT FOR GO.LIVE BLOCKERS",
            "key": "ARB  SRC REQUEST URGENT ASSISTANT FOR GO.LIVE BLOCKERS",
            "link": null
          },
          "Case_Status": {
            "title": "In Process",
            "key": "80",
            "link": null
          },
          "Overview_Go_Live_Date": {
            "title": "2024-11-20",
            "key": "2024-11-20",
            "link": null
          },
          "Customer_ERP_Account": {
            "title": "CENIT - Transporte y Logistica de",
            "key": "0001309647",
            "link": null
          },
          "Case_Main_Product_Flag": {
            "title": "X",
            "key": "X",
            "link": null
          },
          "Case_Type": {
            "title": "ZS02",
            "key": "ZS02",
            "link": null
          },
          "Case_Main_Partner_Country": {
            "title": "Colombia",
            "key": "Colombia",
            "link": null
          },
          "PPMS_Product": {
            "title": "73554900100800004381",
            "key": "73554900100800004381",
            "link": null
          },
          "PPMS_Product_Name": {
            "title": "S/4 PS PROCUREMENT",
            "key": "73554900100800004381",
            "link": null
          },
          "Creation_Date_Day_YYYYMMDD": {
            "title": "20241001",
            "key": "20241001",
            "link": null
          },
          "Closing_Date_Day_YYYYMMDD": {
            "title": null,
            "key": null,
            "link": null
          },
          "Customer_ERP_Account_ID": {
            "title": "0001309647",
            "key": "0001309647",
            "link": null
          },
          "GU_ERP_Account_ID": {
            "title": "0000671855",
            "key": "0000671855",
            "link": null
          },
          "Overview_Customer_Type": {
            "title": "MCC Critical Customer Management",
            "key": "ZSCUSTYP05",
            "link": null
          },
          "Global_Ultimate": {
            "title": "Empresa Colombiana De Petroleos S.A",
            "key": "0000671855",
            "link": null
          }
        },
        {
          "Case_ID": {
            "title": "20115721",
            "key": "20115721",
            "link": null
          },
          "Case_Description": {
            "title": " ARB  AN BUSINESS NETWORK IMPLEMENTATION ISSUES",
            "key": " ARB  AN BUSINESS NETWORK IMPLEMENTATION ISSUES",
            "link": null
          },
          "Case_Status": {
            "title": "In Process",
            "key": "80",
            "link": null
          },
          "Overview_Go_Live_Date": {
            "title": "2024-11-01",
            "key": "2024-11-01",
            "link": null
          },
          "Customer_ERP_Account": {
            "title": "Atria Corp S.A.C.",
            "key": "0002960913",
            "link": null
          },
          "Case_Main_Product_Flag": {
            "title": "X",
            "key": "X",
            "link": null
          },
          "Case_Type": {
            "title": "ZS02",
            "key": "ZS02",
            "link": null
          },
          "Case_Main_Partner_Country": {
            "title": "Peru",
            "key": "Peru",
            "link": null
          },
          "PPMS_Product": {
            "title": "67838200100800005701",
            "key": "67838200100800005701",
            "link": null
          },
          "PPMS_Product_Name": {
            "title": "BUSINESS NETWORK OD",
            "key": "67838200100800005701",
            "link": null
          },
          "Creation_Date_Day_YYYYMMDD": {
            "title": "20241017",
            "key": "20241017",
            "link": null
          },
          "Closing_Date_Day_YYYYMMDD": {
            "title": null,
            "key": null,
            "link": null
          },
          "Customer_ERP_Account_ID": {
            "title": "0002960913",
            "key": "0002960913",
            "link": null
          },
          "GU_ERP_Account_ID": {
            "title": "0002960913",
            "key": "0002960913",
            "link": null
          },
          "Overview_Customer_Type": {
            "title": "MCC Critical Customer Management",
            "key": "ZSCUSTYP05",
            "link": null
          },
          "Global_Ultimate": {
            "title": "Atria Corp S.A.C.",
            "key": "0002960913",
            "link": null
          }
        },
        {
          "Case_ID": {
            "title": "20115807",
            "key": "20115807",
            "link": null
          },
          "Case_Description": {
            "title": " SFSF  ECP  FIRST PAYROLL CYCLE AFTER THE GOLIVE",
            "key": " SFSF  ECP  FIRST PAYROLL CYCLE AFTER THE GOLIVE",
            "link": null
          },
          "Case_Status": {
            "title": "New",
            "key": "71",
            "link": null
          },
          "Overview_Go_Live_Date": {
            "title": "2024-10-29",
            "key": "2024-10-29",
            "link": null
          },
          "Customer_ERP_Account": {
            "title": "Klabin S.A.",
            "key": "0000183661",
            "link": null
          },
          "Case_Main_Product_Flag": {
            "title": "X",
            "key": "X",
            "link": null
          },
          "Case_Type": {
            "title": "ZS02",
            "key": "ZS02",
            "link": null
          },
          "Case_Main_Partner_Country": {
            "title": "Brazil",
            "key": "Brazil",
            "link": null
          },
          "PPMS_Product": {
            "title": "67837800100800006744",
            "key": "67837800100800006744",
            "link": null
          },
          "PPMS_Product_Name": {
            "title": "SFSF GLOBAL PAYROLL",
            "key": "67837800100800006744",
            "link": null
          },
          "Creation_Date_Day_YYYYMMDD": {
            "title": "20241018",
            "key": "20241018",
            "link": null
          },
          "Closing_Date_Day_YYYYMMDD": {
            "title": null,
            "key": null,
            "link": null
          },
          "Customer_ERP_Account_ID": {
            "title": "0000183661",
            "key": "0000183661",
            "link": null
          },
          "GU_ERP_Account_ID": {
            "title": "0000183661",
            "key": "0000183661",
            "link": null
          },
          "Overview_Customer_Type": {
            "title": "MCC Critical Period Coverage",
            "key": "ZSCUSTYP04",
            "link": null
          },
          "Global_Ultimate": {
            "title": "Klabin S.A.",
            "key": "0000183661",
            "link": null
          }
        },
        {
          "Case_ID": {
            "title": "20115714",
            "key": "20115714",
            "link": null
          },
          "Case_Description": {
            "title": " SFSF   ECP  EMPLOYEE CENTRAL PAYROLL ISSUES",
            "key": " SFSF   ECP  EMPLOYEE CENTRAL PAYROLL ISSUES",
            "link": null
          },
          "Case_Status": {
            "title": "In Process",
            "key": "80",
            "link": null
          },
          "Overview_Go_Live_Date": {
            "title": "2024-12-15",
            "key": "2024-12-15",
            "link": null
          },
          "Customer_ERP_Account": {
            "title": "BRF S.A.",
            "key": "0001156226",
            "link": null
          },
          "Case_Main_Product_Flag": {
            "title": "X",
            "key": "X",
            "link": null
          },
          "Case_Type": {
            "title": "ZS02",
            "key": "ZS02",
            "link": null
          },
          "Case_Main_Partner_Country": {
            "title": "Brazil",
            "key": "Brazil",
            "link": null
          },
          "PPMS_Product": {
            "title": "67837800100800006744",
            "key": "67837800100800006744",
            "link": null
          },
          "PPMS_Product_Name": {
            "title": "SFSF GLOBAL PAYROLL",
            "key": "67837800100800006744",
            "link": null
          },
          "Creation_Date_Day_YYYYMMDD": {
            "title": "20241016",
            "key": "20241016",
            "link": null
          },
          "Closing_Date_Day_YYYYMMDD": {
            "title": null,
            "key": null,
            "link": null
          },
          "Customer_ERP_Account_ID": {
            "title": "0001156226",
            "key": "0001156226",
            "link": null
          },
          "GU_ERP_Account_ID": {
            "title": "0001156226",
            "key": "0001156226",
            "link": null
          },
          "Overview_Customer_Type": {
            "title": "MCC Critical Customer Management",
            "key": "ZSCUSTYP05",
            "link": null
          },
          "Global_Ultimate": {
            "title": "BRF S.A.",
            "key": "0001156226",
            "link": null
          }
        },
        {
          "Case_ID": {
            "title": "20115001",
            "key": "20115001",
            "link": null
          },
          "Case_Description": {
            "title": " CPC  IBP GO-LIVE FOR 3 BIZ UNITS",
            "key": " CPC  IBP GO-LIVE FOR 3 BIZ UNITS",
            "link": null
          },
          "Case_Status": {
            "title": "In Process",
            "key": "80",
            "link": null
          },
          "Overview_Go_Live_Date": {
            "title": "2024-10-07",
            "key": "2024-10-07",
            "link": null
          },
          "Customer_ERP_Account": {
            "title": "Claro S.A.",
            "key": "0000273417",
            "link": null
          },
          "Case_Main_Product_Flag": {
            "title": "X",
            "key": "X",
            "link": null
          },
          "Case_Type": {
            "title": "ZS02",
            "key": "ZS02",
            "link": null
          },
          "Case_Main_Partner_Country": {
            "title": "Brazil",
            "key": "Brazil",
            "link": null
          },
          "PPMS_Product": {
            "title": "67838200100800006742",
            "key": "67838200100800006742",
            "link": null
          },
          "PPMS_Product_Name": {
            "title": "SAP IBP OD",
            "key": "67838200100800006742",
            "link": null
          },
          "Creation_Date_Day_YYYYMMDD": {
            "title": "20241002",
            "key": "20241002",
            "link": null
          },
          "Closing_Date_Day_YYYYMMDD": {
            "title": null,
            "key": null,
            "link": null
          },
          "Customer_ERP_Account_ID": {
            "title": "0000273417",
            "key": "0000273417",
            "link": null
          },
          "GU_ERP_Account_ID": {
            "title": "0001103589",
            "key": "0001103589",
            "link": null
          },
          "Overview_Customer_Type": {
            "title": "MCC Critical Period Coverage",
            "key": "ZSCUSTYP04",
            "link": null
          },
          "Global_Ultimate": {
            "title": "Grupo CARSO, S.A. de C.V.",
            "key": "0001103589",
            "link": null
          }
        }
      ]
    }
  }
}