{
	"queryResults": {
		"CL_CUST_CIM_ESCALATIONS_ONEDASHBOARD": {
			"columns": {
				"hierarchies": [],
				"attributes": [{
					"identifier": "Escalation_Created_Date_Date_",
					"title": "Escalation Created Date (Date)"
				}, {
					"identifier": "Escalation_Number",
					"title": "Escalation Number"
				}, {
					"identifier": "Escalation_Closed_Date_Date_",
					"title": "Escalation Closed Date (Date)"
				}, {
					"identifier": "Customer_Text",
					"title": "Customer Name"
				}, {
					"identifier": "Approval_Set_Date_",
					"title": "Approval Set (Date)"
				}, {
					"identifier": "Customer_ID",
					"title": "Customer ID"
				}, {
					"identifier": "Product_Version_Text",
					"title": "Product Version  Text"
				}, {
					"identifier": "Escalation_Type",
					"title": "Escalation Type"
				}, {
					"identifier": "Escalation_Status",
					"title": "Escalation Status"
				}, {
					"identifier": "Product_Version",
					"title": "Product Version"
				}],
				"measures": []
			},
			"rows": [{
				"Customer_Text": {
					"title": "BASF SE",
					"key": "BASF SE",
					"link": null
				},
				"Escalation_Status": {
					"title": "Declined",
					"key": "Declined",
					"link": null
				},
				"Customer_ID": {
					"title": "0000010161",
					"key": "0000010161",
					"link": null
				},
				"Product_Version_Text": {
					"title": "SAP ERP 6.0",
					"key": "SAP ERP 6.0",
					"link": null
				},
				"Escalation_Number": {
					"title": "ESC0325337",
					"key": "ESC0325337",
					"link": null
				},
				"Approval_Set_Date_": {
					"title": "2022-11-18",
					"key": "2022-11-18",
					"link": null
				},
				"Escalation_Closed_Date_Date_": {
					"title": "2022-11-18",
					"key": "2022-11-18",
					"link": null
				},
				"Escalation_Type": {
					"title": "Critical Incident Management",
					"key": "Critical Incident Management",
					"link": null
				},
				"Product_Version": {
					"title": "01200615320900001296",
					"key": "01200615320900001296",
					"link": null
				},
				"Escalation_Created_Date_Date_": {
					"title": "2022-11-18",
					"key": "2022-11-18",
					"link": null
				}
			}, {
				"Customer_Text": {
					"title": "BASF SE",
					"key": "BASF SE",
					"link": null
				},
				"Escalation_Status": {
					"title": "Declined",
					"key": "Declined",
					"link": null
				},
				"Customer_ID": {
					"title": "0000010161",
					"key": "0000010161",
					"link": null
				},
				"Product_Version_Text": {
					"title": "SAP ERP 6.0",
					"key": "SAP ERP 6.0",
					"link": null
				},
				"Escalation_Number": {
					"title": "ESC0376921",
					"key": "ESC0376921",
					"link": null
				},
				"Approval_Set_Date_": {
					"title": "2023-01-18",
					"key": "2023-01-18",
					"link": null
				},
				"Escalation_Closed_Date_Date_": {
					"title": "2023-01-18",
					"key": "2023-01-18",
					"link": null
				},
				"Escalation_Type": {
					"title": "Critical Incident Management",
					"key": "Critical Incident Management",
					"link": null
				},
				"Product_Version": {
					"title": "01200615320900001296",
					"key": "01200615320900001296",
					"link": null
				},
				"Escalation_Created_Date_Date_": {
					"title": "2023-01-18",
					"key": "2023-01-18",
					"link": null
				}
			}, {
				"Customer_Text": {
					"title": "BASF SE",
					"key": "BASF SE",
					"link": null
				},
				"Escalation_Status": {
					"title": "Closed",
					"key": "Closed",
					"link": null
				},
				"Customer_ID": {
					"title": "0000010161",
					"key": "0000010161",
					"link": null
				},
				"Product_Version_Text": {
					"title": "SAP S/4HANA 2021",
					"key": "SAP S/4HANA 2021",
					"link": null
				},
				"Escalation_Number": {
					"title": "ESC0284683",
					"key": "ESC0284683",
					"link": null
				},
				"Approval_Set_Date_": {
					"title": null,
					"key": null,
					"link": null
				},
				"Escalation_Closed_Date_Date_": {
					"title": "2022-10-10",
					"key": "2022-10-10",
					"link": null
				},
				"Escalation_Type": {
					"title": "Critical Incident Management",
					"key": "Critical Incident Management",
					"link": null
				},
				"Product_Version": {
					"title": "73554900100900005134",
					"key": "73554900100900005134",
					"link": null
				},
				"Escalation_Created_Date_Date_": {
					"title": "2022-10-07",
					"key": "2022-10-07",
					"link": null
				}
			}, {
				"Customer_Text": {
					"title": "BASF SE",
					"key": "BASF SE",
					"link": null
				},
				"Escalation_Status": {
					"title": "Closed",
					"key": "Closed",
					"link": null
				},
				"Customer_ID": {
					"title": "0000010161",
					"key": "0000010161",
					"link": null
				},
				"Product_Version_Text": {
					"title": "SAP NETWEAVER 7.5",
					"key": "SAP NETWEAVER 7.5",
					"link": null
				},
				"Escalation_Number": {
					"title": "ESC0349647",
					"key": "ESC0349647",
					"link": null
				},
				"Approval_Set_Date_": {
					"title": null,
					"key": null,
					"link": null
				},
				"Escalation_Closed_Date_Date_": {
					"title": "2022-12-14",
					"key": "2022-12-14",
					"link": null
				},
				"Escalation_Type": {
					"title": "Critical Incident Management",
					"key": "Critical Incident Management",
					"link": null
				},
				"Product_Version": {
					"title": "73554900100900000414",
					"key": "73554900100900000414",
					"link": null
				},
				"Escalation_Created_Date_Date_": {
					"title": "2022-12-14",
					"key": "2022-12-14",
					"link": null
				}
			}, {
				"Customer_Text": {
					"title": "BASF SE",
					"key": "BASF SE",
					"link": null
				},
				"Escalation_Status": {
					"title": "Closed",
					"key": "Closed",
					"link": null
				},
				"Customer_ID": {
					"title": "0000010161",
					"key": "0000010161",
					"link": null
				},
				"Product_Version_Text": {
					"title": "SAP SCM 7.0",
					"key": "SAP SCM 7.0",
					"link": null
				},
				"Escalation_Number": {
					"title": "ESC0341469",
					"key": "ESC0341469",
					"link": null
				},
				"Approval_Set_Date_": {
					"title": null,
					"key": null,
					"link": null
				},
				"Escalation_Closed_Date_Date_": {
					"title": "2022-12-06",
					"key": "2022-12-06",
					"link": null
				},
				"Escalation_Type": {
					"title": "Critical Incident Management",
					"key": "Critical Incident Management",
					"link": null
				},
				"Product_Version": {
					"title": "01200314690900000460",
					"key": "01200314690900000460",
					"link": null
				},
				"Escalation_Created_Date_Date_": {
					"title": "2022-12-06",
					"key": "2022-12-06",
					"link": null
				}
			}, {
				"Customer_Text": {
					"title": "BASF SE",
					"key": "BASF SE",
					"link": null
				},
				"Escalation_Status": {
					"title": "Closed",
					"key": "Closed",
					"link": null
				},
				"Customer_ID": {
					"title": "0000010161",
					"key": "0000010161",
					"link": null
				},
				"Product_Version_Text": {
					"title": "SAP S/4HANA FOUNDATION 2020",
					"key": "SAP S/4HANA FOUNDATION 2020",
					"link": null
				},
				"Escalation_Number": {
					"title": "ESC0361525",
					"key": "ESC0361525",
					"link": null
				},
				"Approval_Set_Date_": {
					"title": null,
					"key": null,
					"link": null
				},
				"Escalation_Closed_Date_Date_": {
					"title": "2022-12-29",
					"key": "2022-12-29",
					"link": null
				},
				"Escalation_Type": {
					"title": "Critical Incident Management",
					"key": "Critical Incident Management",
					"link": null
				},
				"Product_Version": {
					"title": "73555000100900003851",
					"key": "73555000100900003851",
					"link": null
				},
				"Escalation_Created_Date_Date_": {
					"title": "2022-12-29",
					"key": "2022-12-29",
					"link": null
				}
			}, {
				"Customer_Text": {
					"title": "BASF SE",
					"key": "BASF SE",
					"link": null
				},
				"Escalation_Status": {
					"title": "Declined",
					"key": "Declined",
					"link": null
				},
				"Customer_ID": {
					"title": "0000010161",
					"key": "0000010161",
					"link": null
				},
				"Product_Version_Text": {
					"title": "SAP ERP 6.0",
					"key": "SAP ERP 6.0",
					"link": null
				},
				"Escalation_Number": {
					"title": "ESC0293516",
					"key": "ESC0293516",
					"link": null
				},
				"Approval_Set_Date_": {
					"title": "2022-10-17",
					"key": "2022-10-17",
					"link": null
				},
				"Escalation_Closed_Date_Date_": {
					"title": "2022-10-17",
					"key": "2022-10-17",
					"link": null
				},
				"Escalation_Type": {
					"title": "Critical Incident Management",
					"key": "Critical Incident Management",
					"link": null
				},
				"Product_Version": {
					"title": "01200615320900001296",
					"key": "01200615320900001296",
					"link": null
				},
				"Escalation_Created_Date_Date_": {
					"title": "2022-10-17",
					"key": "2022-10-17",
					"link": null
				}
			}, {
				"Customer_Text": {
					"title": "BASF SE",
					"key": "BASF SE",
					"link": null
				},
				"Escalation_Status": {
					"title": "Closed",
					"key": "Closed",
					"link": null
				},
				"Customer_ID": {
					"title": "0000010161",
					"key": "0000010161",
					"link": null
				},
				"Product_Version_Text": {
					"title": "SBOP BI PLATFORM 4.3",
					"key": "SBOP BI PLATFORM 4.3",
					"link": null
				},
				"Escalation_Number": {
					"title": "ESC0411990",
					"key": "ESC0411990",
					"link": null
				},
				"Approval_Set_Date_": {
					"title": null,
					"key": null,
					"link": null
				},
				"Escalation_Closed_Date_Date_": {
					"title": "2023-03-03",
					"key": "2023-03-03",
					"link": null
				},
				"Escalation_Type": {
					"title": "Critical Incident Management",
					"key": "Critical Incident Management",
					"link": null
				},
				"Product_Version": {
					"title": "73555000100900001819",
					"key": "73555000100900001819",
					"link": null
				},
				"Escalation_Created_Date_Date_": {
					"title": "2023-02-24",
					"key": "2023-02-24",
					"link": null
				}
			}, {
				"Customer_Text": {
					"title": "BASF SE",
					"key": "BASF SE",
					"link": null
				},
				"Escalation_Status": {
					"title": "Closed",
					"key": "Closed",
					"link": null
				},
				"Customer_ID": {
					"title": "0000010161",
					"key": "0000010161",
					"link": null
				},
				"Product_Version_Text": {
					"title": "SAP SCM 7.0",
					"key": "SAP SCM 7.0",
					"link": null
				},
				"Escalation_Number": {
					"title": "ESC0314064",
					"key": "ESC0314064",
					"link": null
				},
				"Approval_Set_Date_": {
					"title": "2022-11-08",
					"key": "2022-11-08",
					"link": null
				},
				"Escalation_Closed_Date_Date_": {
					"title": "2022-11-10",
					"key": "2022-11-10",
					"link": null
				},
				"Escalation_Type": {
					"title": "Critical Incident Management",
					"key": "Critical Incident Management",
					"link": null
				},
				"Product_Version": {
					"title": "01200314690900000460",
					"key": "01200314690900000460",
					"link": null
				},
				"Escalation_Created_Date_Date_": {
					"title": "2022-11-08",
					"key": "2022-11-08",
					"link": null
				}
			}, {
				"Customer_Text": {
					"title": "BASF SE",
					"key": "BASF SE",
					"link": null
				},
				"Escalation_Status": {
					"title": "Closed",
					"key": "Closed",
					"link": null
				},
				"Customer_ID": {
					"title": "0000010161",
					"key": "0000010161",
					"link": null
				},
				"Product_Version_Text": {
					"title": null,
					"key": null,
					"link": null
				},
				"Escalation_Number": {
					"title": "ESC0299304",
					"key": "ESC0299304",
					"link": null
				},
				"Approval_Set_Date_": {
					"title": "2022-10-23",
					"key": "2022-10-23",
					"link": null
				},
				"Escalation_Closed_Date_Date_": {
					"title": "2022-10-23",
					"key": "2022-10-23",
					"link": null
				},
				"Escalation_Type": {
					"title": "Critical Incident Management",
					"key": "Critical Incident Management",
					"link": null
				},
				"Product_Version": {
					"title": "",
					"key": "",
					"link": null
				},
				"Escalation_Created_Date_Date_": {
					"title": "2022-10-23",
					"key": "2022-10-23",
					"link": null
				}
			}, {
				"Customer_Text": {
					"title": "BASF SE",
					"key": "BASF SE",
					"link": null
				},
				"Escalation_Status": {
					"title": "Closed",
					"key": "Closed",
					"link": null
				},
				"Customer_ID": {
					"title": "0000010161",
					"key": "0000010161",
					"link": null
				},
				"Product_Version_Text": {
					"title": "SAP ERP 6.0",
					"key": "SAP ERP 6.0",
					"link": null
				},
				"Escalation_Number": {
					"title": "ESC0298066",
					"key": "ESC0298066",
					"link": null
				},
				"Approval_Set_Date_": {
					"title": "2022-10-21",
					"key": "2022-10-21",
					"link": null
				},
				"Escalation_Closed_Date_Date_": {
					"title": "2022-10-21",
					"key": "2022-10-21",
					"link": null
				},
				"Escalation_Type": {
					"title": "Critical Incident Management",
					"key": "Critical Incident Management",
					"link": null
				},
				"Product_Version": {
					"title": "01200615320900001296",
					"key": "01200615320900001296",
					"link": null
				},
				"Escalation_Created_Date_Date_": {
					"title": "2022-10-21",
					"key": "2022-10-21",
					"link": null
				}
			}, {
				"Customer_Text": {
					"title": "BASF SE",
					"key": "BASF SE",
					"link": null
				},
				"Escalation_Status": {
					"title": "Closed",
					"key": "Closed",
					"link": null
				},
				"Customer_ID": {
					"title": "0000010161",
					"key": "0000010161",
					"link": null
				},
				"Product_Version_Text": {
					"title": "SAP S/4HANA 2021",
					"key": "SAP S/4HANA 2021",
					"link": null
				},
				"Escalation_Number": {
					"title": "ESC0338578",
					"key": "ESC0338578",
					"link": null
				},
				"Approval_Set_Date_": {
					"title": "2022-12-02",
					"key": "2022-12-02",
					"link": null
				},
				"Escalation_Closed_Date_Date_": {
					"title": "2022-12-02",
					"key": "2022-12-02",
					"link": null
				},
				"Escalation_Type": {
					"title": "Critical Incident Management",
					"key": "Critical Incident Management",
					"link": null
				},
				"Product_Version": {
					"title": "73554900100900005134",
					"key": "73554900100900005134",
					"link": null
				},
				"Escalation_Created_Date_Date_": {
					"title": "2022-12-02",
					"key": "2022-12-02",
					"link": null
				}
			}, {
				"Customer_Text": {
					"title": "BASF SE",
					"key": "BASF SE",
					"link": null
				},
				"Escalation_Status": {
					"title": "Closed",
					"key": "Closed",
					"link": null
				},
				"Customer_ID": {
					"title": "0000010161",
					"key": "0000010161",
					"link": null
				},
				"Product_Version_Text": {
					"title": "SAP NETWEAVER 7.5",
					"key": "SAP NETWEAVER 7.5",
					"link": null
				},
				"Escalation_Number": {
					"title": "ESC0291586",
					"key": "ESC0291586",
					"link": null
				},
				"Approval_Set_Date_": {
					"title": null,
					"key": null,
					"link": null
				},
				"Escalation_Closed_Date_Date_": {
					"title": "2022-10-17",
					"key": "2022-10-17",
					"link": null
				},
				"Escalation_Type": {
					"title": "Critical Incident Management",
					"key": "Critical Incident Management",
					"link": null
				},
				"Product_Version": {
					"title": "73554900100900000414",
					"key": "73554900100900000414",
					"link": null
				},
				"Escalation_Created_Date_Date_": {
					"title": "2022-10-14",
					"key": "2022-10-14",
					"link": null
				}
			}, {
				"Customer_Text": {
					"title": "BASF SE",
					"key": "BASF SE",
					"link": null
				},
				"Escalation_Status": {
					"title": "Closed",
					"key": "Closed",
					"link": null
				},
				"Customer_ID": {
					"title": "0000010161",
					"key": "0000010161",
					"link": null
				},
				"Product_Version_Text": {
					"title": "SAP ERP 6.0",
					"key": "SAP ERP 6.0",
					"link": null
				},
				"Escalation_Number": {
					"title": "ESC0359759",
					"key": "ESC0359759",
					"link": null
				},
				"Approval_Set_Date_": {
					"title": "2022-12-27",
					"key": "2022-12-27",
					"link": null
				},
				"Escalation_Closed_Date_Date_": {
					"title": "2023-01-01",
					"key": "2023-01-01",
					"link": null
				},
				"Escalation_Type": {
					"title": "Critical Incident Management",
					"key": "Critical Incident Management",
					"link": null
				},
				"Product_Version": {
					"title": "01200615320900001296",
					"key": "01200615320900001296",
					"link": null
				},
				"Escalation_Created_Date_Date_": {
					"title": "2022-12-27",
					"key": "2022-12-27",
					"link": null
				}
			}, {
				"Customer_Text": {
					"title": "BASF SE",
					"key": "BASF SE",
					"link": null
				},
				"Escalation_Status": {
					"title": "Closed",
					"key": "Closed",
					"link": null
				},
				"Customer_ID": {
					"title": "0000010161",
					"key": "0000010161",
					"link": null
				},
				"Product_Version_Text": {
					"title": "SAP ERP 6.0",
					"key": "SAP ERP 6.0",
					"link": null
				},
				"Escalation_Number": {
					"title": "ESC0284026",
					"key": "ESC0284026",
					"link": null
				},
				"Approval_Set_Date_": {
					"title": "2022-10-06",
					"key": "2022-10-06",
					"link": null
				},
				"Escalation_Closed_Date_Date_": {
					"title": "2022-10-06",
					"key": "2022-10-06",
					"link": null
				},
				"Escalation_Type": {
					"title": "Critical Incident Management",
					"key": "Critical Incident Management",
					"link": null
				},
				"Product_Version": {
					"title": "01200615320900001296",
					"key": "01200615320900001296",
					"link": null
				},
				"Escalation_Created_Date_Date_": {
					"title": "2022-10-06",
					"key": "2022-10-06",
					"link": null
				}
			}, {
				"Customer_Text": {
					"title": "BASF SE",
					"key": "BASF SE",
					"link": null
				},
				"Escalation_Status": {
					"title": "Closed",
					"key": "Closed",
					"link": null
				},
				"Customer_ID": {
					"title": "0000010161",
					"key": "0000010161",
					"link": null
				},
				"Product_Version_Text": {
					"title": "SAP S/4HANA 2021",
					"key": "SAP S/4HANA 2021",
					"link": null
				},
				"Escalation_Number": {
					"title": "ESC0343146",
					"key": "ESC0343146",
					"link": null
				},
				"Approval_Set_Date_": {
					"title": "2022-12-07",
					"key": "2022-12-07",
					"link": null
				},
				"Escalation_Closed_Date_Date_": {
					"title": "2022-12-08",
					"key": "2022-12-08",
					"link": null
				},
				"Escalation_Type": {
					"title": "Critical Incident Management",
					"key": "Critical Incident Management",
					"link": null
				},
				"Product_Version": {
					"title": "73554900100900005134",
					"key": "73554900100900005134",
					"link": null
				},
				"Escalation_Created_Date_Date_": {
					"title": "2022-12-07",
					"key": "2022-12-07",
					"link": null
				}
			}, {
				"Customer_Text": {
					"title": "BASF SE",
					"key": "BASF SE",
					"link": null
				},
				"Escalation_Status": {
					"title": "Closed",
					"key": "Closed",
					"link": null
				},
				"Customer_ID": {
					"title": "0000010161",
					"key": "0000010161",
					"link": null
				},
				"Product_Version_Text": {
					"title": "SAP SCM 7.0",
					"key": "SAP SCM 7.0",
					"link": null
				},
				"Escalation_Number": {
					"title": "ESC0325386",
					"key": "ESC0325386",
					"link": null
				},
				"Approval_Set_Date_": {
					"title": "2022-11-18",
					"key": "2022-11-18",
					"link": null
				},
				"Escalation_Closed_Date_Date_": {
					"title": "2022-11-24",
					"key": "2022-11-24",
					"link": null
				},
				"Escalation_Type": {
					"title": "Critical Incident Management",
					"key": "Critical Incident Management",
					"link": null
				},
				"Product_Version": {
					"title": "01200314690900000460",
					"key": "01200314690900000460",
					"link": null
				},
				"Escalation_Created_Date_Date_": {
					"title": "2022-11-18",
					"key": "2022-11-18",
					"link": null
				}
			}, {
				"Customer_Text": {
					"title": "BASF SE",
					"key": "BASF SE",
					"link": null
				},
				"Escalation_Status": {
					"title": "Closed",
					"key": "Closed",
					"link": null
				},
				"Customer_ID": {
					"title": "0000010161",
					"key": "0000010161",
					"link": null
				},
				"Product_Version_Text": {
					"title": "SAP NETWEAVER 7.4",
					"key": "SAP NETWEAVER 7.4",
					"link": null
				},
				"Escalation_Number": {
					"title": "ESC0413215",
					"key": "ESC0413215",
					"link": null
				},
				"Approval_Set_Date_": {
					"title": "2023-02-27",
					"key": "2023-02-27",
					"link": null
				},
				"Escalation_Closed_Date_Date_": {
					"title": "2023-03-01",
					"key": "2023-03-01",
					"link": null
				},
				"Escalation_Type": {
					"title": "Critical Incident Management",
					"key": "Critical Incident Management",
					"link": null
				},
				"Product_Version": {
					"title": "67838200100900005868",
					"key": "67838200100900005868",
					"link": null
				},
				"Escalation_Created_Date_Date_": {
					"title": "2023-02-27",
					"key": "2023-02-27",
					"link": null
				}
			}, {
				"Customer_Text": {
					"title": "BASF SE",
					"key": "BASF SE",
					"link": null
				},
				"Escalation_Status": {
					"title": "Closed",
					"key": "Closed",
					"link": null
				},
				"Customer_ID": {
					"title": "0000010161",
					"key": "0000010161",
					"link": null
				},
				"Product_Version_Text": {
					"title": "SLH - ACRAAS APPLICATION",
					"key": "SLH - ACRAAS APPLICATION",
					"link": null
				},
				"Escalation_Number": {
					"title": "ESC0345592",
					"key": "ESC0345592",
					"link": null
				},
				"Approval_Set_Date_": {
					"title": "2022-12-12",
					"key": "2022-12-12",
					"link": null
				},
				"Escalation_Closed_Date_Date_": {
					"title": "2022-12-12",
					"key": "2022-12-12",
					"link": null
				},
				"Escalation_Type": {
					"title": "Critical Incident Management",
					"key": "Critical Incident Management",
					"link": null
				},
				"Product_Version": {
					"title": "73554900100900001785",
					"key": "73554900100900001785",
					"link": null
				},
				"Escalation_Created_Date_Date_": {
					"title": "2022-12-09",
					"key": "2022-12-09",
					"link": null
				}
			}, {
				"Customer_Text": {
					"title": "BASF SE",
					"key": "BASF SE",
					"link": null
				},
				"Escalation_Status": {
					"title": "Closed",
					"key": "Closed",
					"link": null
				},
				"Customer_ID": {
					"title": "0000010161",
					"key": "0000010161",
					"link": null
				},
				"Product_Version_Text": {
					"title": "SAP S/4HANA 1909",
					"key": "SAP S/4HANA 1909",
					"link": null
				},
				"Escalation_Number": {
					"title": "ESC0410073",
					"key": "ESC0410073",
					"link": null
				},
				"Approval_Set_Date_": {
					"title": "2023-02-22",
					"key": "2023-02-22",
					"link": null
				},
				"Escalation_Closed_Date_Date_": {
					"title": "2023-02-22",
					"key": "2023-02-22",
					"link": null
				},
				"Escalation_Type": {
					"title": "Critical Incident Management",
					"key": "Critical Incident Management",
					"link": null
				},
				"Product_Version": {
					"title": "73555000100900002474",
					"key": "73555000100900002474",
					"link": null
				},
				"Escalation_Created_Date_Date_": {
					"title": "2023-02-22",
					"key": "2023-02-22",
					"link": null
				}
			}, {
				"Customer_Text": {
					"title": "BASF SE",
					"key": "BASF SE",
					"link": null
				},
				"Escalation_Status": {
					"title": "Closed",
					"key": "Closed",
					"link": null
				},
				"Customer_ID": {
					"title": "0000010161",
					"key": "0000010161",
					"link": null
				},
				"Product_Version_Text": {
					"title": "SAP ERP 6.0",
					"key": "SAP ERP 6.0",
					"link": null
				},
				"Escalation_Number": {
					"title": "ESC0324462",
					"key": "ESC0324462",
					"link": null
				},
				"Approval_Set_Date_": {
					"title": "2022-11-17",
					"key": "2022-11-17",
					"link": null
				},
				"Escalation_Closed_Date_Date_": {
					"title": "2022-11-17",
					"key": "2022-11-17",
					"link": null
				},
				"Escalation_Type": {
					"title": "Critical Incident Management",
					"key": "Critical Incident Management",
					"link": null
				},
				"Product_Version": {
					"title": "01200615320900001296",
					"key": "01200615320900001296",
					"link": null
				},
				"Escalation_Created_Date_Date_": {
					"title": "2022-11-17",
					"key": "2022-11-17",
					"link": null
				}
			}, {
				"Customer_Text": {
					"title": "BASF SE",
					"key": "BASF SE",
					"link": null
				},
				"Escalation_Status": {
					"title": "Closed",
					"key": "Closed",
					"link": null
				},
				"Customer_ID": {
					"title": "0000010161",
					"key": "0000010161",
					"link": null
				},
				"Product_Version_Text": {
					"title": "SAP S/4HANA 2021",
					"key": "SAP S/4HANA 2021",
					"link": null
				},
				"Escalation_Number": {
					"title": "ESC0340564",
					"key": "ESC0340564",
					"link": null
				},
				"Approval_Set_Date_": {
					"title": "2022-12-05",
					"key": "2022-12-05",
					"link": null
				},
				"Escalation_Closed_Date_Date_": {
					"title": "2022-12-05",
					"key": "2022-12-05",
					"link": null
				},
				"Escalation_Type": {
					"title": "Critical Incident Management",
					"key": "Critical Incident Management",
					"link": null
				},
				"Product_Version": {
					"title": "73554900100900005134",
					"key": "73554900100900005134",
					"link": null
				},
				"Escalation_Created_Date_Date_": {
					"title": "2022-12-05",
					"key": "2022-12-05",
					"link": null
				}
			}, {
				"Customer_Text": {
					"title": "BASF SE",
					"key": "BASF SE",
					"link": null
				},
				"Escalation_Status": {
					"title": "Closed",
					"key": "Closed",
					"link": null
				},
				"Customer_ID": {
					"title": "0000010161",
					"key": "0000010161",
					"link": null
				},
				"Product_Version_Text": {
					"title": "SAP SCM 7.0",
					"key": "SAP SCM 7.0",
					"link": null
				},
				"Escalation_Number": {
					"title": "ESC0402177",
					"key": "ESC0402177",
					"link": null
				},
				"Approval_Set_Date_": {
					"title": null,
					"key": null,
					"link": null
				},
				"Escalation_Closed_Date_Date_": {
					"title": "2023-02-20",
					"key": "2023-02-20",
					"link": null
				},
				"Escalation_Type": {
					"title": "Critical Incident Management",
					"key": "Critical Incident Management",
					"link": null
				},
				"Product_Version": {
					"title": "01200314690900000460",
					"key": "01200314690900000460",
					"link": null
				},
				"Escalation_Created_Date_Date_": {
					"title": "2023-02-14",
					"key": "2023-02-14",
					"link": null
				}
			}, {
				"Customer_Text": {
					"title": "BASF SE",
					"key": "BASF SE",
					"link": null
				},
				"Escalation_Status": {
					"title": "Closed",
					"key": "Closed",
					"link": null
				},
				"Customer_ID": {
					"title": "0000010161",
					"key": "0000010161",
					"link": null
				},
				"Product_Version_Text": {
					"title": "SAP ERP 6.0",
					"key": "SAP ERP 6.0",
					"link": null
				},
				"Escalation_Number": {
					"title": "ESC0335069",
					"key": "ESC0335069",
					"link": null
				},
				"Approval_Set_Date_": {
					"title": null,
					"key": null,
					"link": null
				},
				"Escalation_Closed_Date_Date_": {
					"title": "2022-11-30",
					"key": "2022-11-30",
					"link": null
				},
				"Escalation_Type": {
					"title": "Critical Incident Management",
					"key": "Critical Incident Management",
					"link": null
				},
				"Product_Version": {
					"title": "01200615320900001296",
					"key": "01200615320900001296",
					"link": null
				},
				"Escalation_Created_Date_Date_": {
					"title": "2022-11-29",
					"key": "2022-11-29",
					"link": null
				}
			}, {
				"Customer_Text": {
					"title": "BASF SE",
					"key": "BASF SE",
					"link": null
				},
				"Escalation_Status": {
					"title": "Closed",
					"key": "Closed",
					"link": null
				},
				"Customer_ID": {
					"title": "0000010161",
					"key": "0000010161",
					"link": null
				},
				"Product_Version_Text": {
					"title": "SAP ERP 6.0",
					"key": "SAP ERP 6.0",
					"link": null
				},
				"Escalation_Number": {
					"title": "ESC0328028",
					"key": "ESC0328028",
					"link": null
				},
				"Approval_Set_Date_": {
					"title": null,
					"key": null,
					"link": null
				},
				"Escalation_Closed_Date_Date_": {
					"title": "2022-11-23",
					"key": "2022-11-23",
					"link": null
				},
				"Escalation_Type": {
					"title": "Critical Incident Management",
					"key": "Critical Incident Management",
					"link": null
				},
				"Product_Version": {
					"title": "01200615320900001296",
					"key": "01200615320900001296",
					"link": null
				},
				"Escalation_Created_Date_Date_": {
					"title": "2022-11-21",
					"key": "2022-11-21",
					"link": null
				}
			}, {
				"Customer_Text": {
					"title": "BASF SE",
					"key": "BASF SE",
					"link": null
				},
				"Escalation_Status": {
					"title": "Closed",
					"key": "Closed",
					"link": null
				},
				"Customer_ID": {
					"title": "0000010161",
					"key": "0000010161",
					"link": null
				},
				"Product_Version_Text": {
					"title": "SAP S/4HANA 2021",
					"key": "SAP S/4HANA 2021",
					"link": null
				},
				"Escalation_Number": {
					"title": "ESC0342002",
					"key": "ESC0342002",
					"link": null
				},
				"Approval_Set_Date_": {
					"title": null,
					"key": null,
					"link": null
				},
				"Escalation_Closed_Date_Date_": {
					"title": "2022-12-08",
					"key": "2022-12-08",
					"link": null
				},
				"Escalation_Type": {
					"title": "Critical Incident Management",
					"key": "Critical Incident Management",
					"link": null
				},
				"Product_Version": {
					"title": "73554900100900005134",
					"key": "73554900100900005134",
					"link": null
				},
				"Escalation_Created_Date_Date_": {
					"title": "2022-12-06",
					"key": "2022-12-06",
					"link": null
				}
			}, {
				"Customer_Text": {
					"title": "BASF SE",
					"key": "BASF SE",
					"link": null
				},
				"Escalation_Status": {
					"title": "Closed",
					"key": "Closed",
					"link": null
				},
				"Customer_ID": {
					"title": "0000010161",
					"key": "0000010161",
					"link": null
				},
				"Product_Version_Text": {
					"title": "SAP ERP 6.0",
					"key": "SAP ERP 6.0",
					"link": null
				},
				"Escalation_Number": {
					"title": "ESC0331150",
					"key": "ESC0331150",
					"link": null
				},
				"Approval_Set_Date_": {
					"title": "2022-11-28",
					"key": "2022-11-28",
					"link": null
				},
				"Escalation_Closed_Date_Date_": {
					"title": "2022-12-05",
					"key": "2022-12-05",
					"link": null
				},
				"Escalation_Type": {
					"title": "Critical Incident Management",
					"key": "Critical Incident Management",
					"link": null
				},
				"Product_Version": {
					"title": "01200615320900001296",
					"key": "01200615320900001296",
					"link": null
				},
				"Escalation_Created_Date_Date_": {
					"title": "2022-11-24",
					"key": "2022-11-24",
					"link": null
				}
			}, {
				"Customer_Text": {
					"title": "BASF SE",
					"key": "BASF SE",
					"link": null
				},
				"Escalation_Status": {
					"title": "Closed",
					"key": "Closed",
					"link": null
				},
				"Customer_ID": {
					"title": "0000010161",
					"key": "0000010161",
					"link": null
				},
				"Product_Version_Text": {
					"title": "SAP NETWEAVER 7.5",
					"key": "SAP NETWEAVER 7.5",
					"link": null
				},
				"Escalation_Number": {
					"title": "ESC0400504",
					"key": "ESC0400504",
					"link": null
				},
				"Approval_Set_Date_": {
					"title": "2023-02-13",
					"key": "2023-02-13",
					"link": null
				},
				"Escalation_Closed_Date_Date_": {
					"title": "2023-02-21",
					"key": "2023-02-21",
					"link": null
				},
				"Escalation_Type": {
					"title": "Critical Incident Management",
					"key": "Critical Incident Management",
					"link": null
				},
				"Product_Version": {
					"title": "73554900100900000414",
					"key": "73554900100900000414",
					"link": null
				},
				"Escalation_Created_Date_Date_": {
					"title": "2023-02-13",
					"key": "2023-02-13",
					"link": null
				}
			}, {
				"Customer_Text": {
					"title": "BASF SE",
					"key": "BASF SE",
					"link": null
				},
				"Escalation_Status": {
					"title": "Closed",
					"key": "Closed",
					"link": null
				},
				"Customer_ID": {
					"title": "0000010161",
					"key": "0000010161",
					"link": null
				},
				"Product_Version_Text": {
					"title": "SAP DATA INTELLIGENCE 3",
					"key": "SAP DATA INTELLIGENCE 3",
					"link": null
				},
				"Escalation_Number": {
					"title": "ESC0397829",
					"key": "ESC0397829",
					"link": null
				},
				"Approval_Set_Date_": {
					"title": "2023-02-09",
					"key": "2023-02-09",
					"link": null
				},
				"Escalation_Closed_Date_Date_": {
					"title": "2023-02-23",
					"key": "2023-02-23",
					"link": null
				},
				"Escalation_Type": {
					"title": "Critical Incident Management",
					"key": "Critical Incident Management",
					"link": null
				},
				"Product_Version": {
					"title": "73554900100900004388",
					"key": "73554900100900004388",
					"link": null
				},
				"Escalation_Created_Date_Date_": {
					"title": "2023-02-09",
					"key": "2023-02-09",
					"link": null
				}
			}, {
				"Customer_Text": {
					"title": "BASF SE",
					"key": "BASF SE",
					"link": null
				},
				"Escalation_Status": {
					"title": "Closed",
					"key": "Closed",
					"link": null
				},
				"Customer_ID": {
					"title": "0000010161",
					"key": "0000010161",
					"link": null
				},
				"Product_Version_Text": {
					"title": "SAP HANA PLATFORM EDITION 2.0",
					"key": "SAP HANA PLATFORM EDITION 2.0",
					"link": null
				},
				"Escalation_Number": {
					"title": "ESC0334910",
					"key": "ESC0334910",
					"link": null
				},
				"Approval_Set_Date_": {
					"title": null,
					"key": null,
					"link": null
				},
				"Escalation_Closed_Date_Date_": {
					"title": "2022-11-29",
					"key": "2022-11-29",
					"link": null
				},
				"Escalation_Type": {
					"title": "Critical Incident Management",
					"key": "Critical Incident Management",
					"link": null
				},
				"Product_Version": {
					"title": "73554900100900001301",
					"key": "73554900100900001301",
					"link": null
				},
				"Escalation_Created_Date_Date_": {
					"title": "2022-11-29",
					"key": "2022-11-29",
					"link": null
				}
			}, {
				"Customer_Text": {
					"title": "BASF SE",
					"key": "BASF SE",
					"link": null
				},
				"Escalation_Status": {
					"title": "Closed",
					"key": "Closed",
					"link": null
				},
				"Customer_ID": {
					"title": "0000010161",
					"key": "0000010161",
					"link": null
				},
				"Product_Version_Text": {
					"title": "SAP SCM 7.0",
					"key": "SAP SCM 7.0",
					"link": null
				},
				"Escalation_Number": {
					"title": "ESC0320328",
					"key": "ESC0320328",
					"link": null
				},
				"Approval_Set_Date_": {
					"title": null,
					"key": null,
					"link": null
				},
				"Escalation_Closed_Date_Date_": {
					"title": "2022-11-15",
					"key": "2022-11-15",
					"link": null
				},
				"Escalation_Type": {
					"title": "Critical Incident Management",
					"key": "Critical Incident Management",
					"link": null
				},
				"Product_Version": {
					"title": "01200314690900000460",
					"key": "01200314690900000460",
					"link": null
				},
				"Escalation_Created_Date_Date_": {
					"title": "2022-11-14",
					"key": "2022-11-14",
					"link": null
				}
			}, {
				"Customer_Text": {
					"title": "BASF SE",
					"key": "BASF SE",
					"link": null
				},
				"Escalation_Status": {
					"title": "Declined",
					"key": "Declined",
					"link": null
				},
				"Customer_ID": {
					"title": "0000010161",
					"key": "0000010161",
					"link": null
				},
				"Product_Version_Text": {
					"title": "SAP ERP 6.0",
					"key": "SAP ERP 6.0",
					"link": null
				},
				"Escalation_Number": {
					"title": "ESC0321313",
					"key": "ESC0321313",
					"link": null
				},
				"Approval_Set_Date_": {
					"title": "2022-11-18",
					"key": "2022-11-18",
					"link": null
				},
				"Escalation_Closed_Date_Date_": {
					"title": "2022-11-18",
					"key": "2022-11-18",
					"link": null
				},
				"Escalation_Type": {
					"title": "Critical Incident Management",
					"key": "Critical Incident Management",
					"link": null
				},
				"Product_Version": {
					"title": "01200615320900001296",
					"key": "01200615320900001296",
					"link": null
				},
				"Escalation_Created_Date_Date_": {
					"title": "2022-11-15",
					"key": "2022-11-15",
					"link": null
				}
			}, {
				"Customer_Text": {
					"title": "BASF SE",
					"key": "BASF SE",
					"link": null
				},
				"Escalation_Status": {
					"title": "Closed",
					"key": "Closed",
					"link": null
				},
				"Customer_ID": {
					"title": "0000010161",
					"key": "0000010161",
					"link": null
				},
				"Product_Version_Text": {
					"title": "SAP SCM 7.0",
					"key": "SAP SCM 7.0",
					"link": null
				},
				"Escalation_Number": {
					"title": "ESC0362014",
					"key": "ESC0362014",
					"link": null
				},
				"Approval_Set_Date_": {
					"title": null,
					"key": null,
					"link": null
				},
				"Escalation_Closed_Date_Date_": {
					"title": "2023-01-02",
					"key": "2023-01-02",
					"link": null
				},
				"Escalation_Type": {
					"title": "Critical Incident Management",
					"key": "Critical Incident Management",
					"link": null
				},
				"Product_Version": {
					"title": "01200314690900000460",
					"key": "01200314690900000460",
					"link": null
				},
				"Escalation_Created_Date_Date_": {
					"title": "2022-12-30",
					"key": "2022-12-30",
					"link": null
				}
			}, {
				"Customer_Text": {
					"title": "BASF SE",
					"key": "BASF SE",
					"link": null
				},
				"Escalation_Status": {
					"title": "Closed",
					"key": "Closed",
					"link": null
				},
				"Customer_ID": {
					"title": "0000010161",
					"key": "0000010161",
					"link": null
				},
				"Product_Version_Text": {
					"title": "SUCCESSFACTORS BIZX CORE 2211",
					"key": "SUCCESSFACTORS BIZX CORE 2211",
					"link": null
				},
				"Escalation_Number": {
					"title": "ESC0395462",
					"key": "ESC0395462",
					"link": null
				},
				"Approval_Set_Date_": {
					"title": "2023-02-09",
					"key": "2023-02-09",
					"link": null
				},
				"Escalation_Closed_Date_Date_": {
					"title": "2023-02-10",
					"key": "2023-02-10",
					"link": null
				},
				"Escalation_Type": {
					"title": "Critical Incident Management",
					"key": "Critical Incident Management",
					"link": null
				},
				"Product_Version": {
					"title": "73554900100900006992",
					"key": "73554900100900006992",
					"link": null
				},
				"Escalation_Created_Date_Date_": {
					"title": "2023-02-07",
					"key": "2023-02-07",
					"link": null
				}
			}, {
				"Customer_Text": {
					"title": "BASF SE",
					"key": "BASF SE",
					"link": null
				},
				"Escalation_Status": {
					"title": "Closed",
					"key": "Closed",
					"link": null
				},
				"Customer_ID": {
					"title": "0000010161",
					"key": "0000010161",
					"link": null
				},
				"Product_Version_Text": {
					"title": "SLH - ACRAAS APPLICATION",
					"key": "SLH - ACRAAS APPLICATION",
					"link": null
				},
				"Escalation_Number": {
					"title": "ESC0344707",
					"key": "ESC0344707",
					"link": null
				},
				"Approval_Set_Date_": {
					"title": "2022-12-09",
					"key": "2022-12-09",
					"link": null
				},
				"Escalation_Closed_Date_Date_": {
					"title": "2022-12-09",
					"key": "2022-12-09",
					"link": null
				},
				"Escalation_Type": {
					"title": "Critical Incident Management",
					"key": "Critical Incident Management",
					"link": null
				},
				"Product_Version": {
					"title": "73554900100900001785",
					"key": "73554900100900001785",
					"link": null
				},
				"Escalation_Created_Date_Date_": {
					"title": "2022-12-08",
					"key": "2022-12-08",
					"link": null
				}
			}, {
				"Customer_Text": {
					"title": "BASF SE",
					"key": "BASF SE",
					"link": null
				},
				"Escalation_Status": {
					"title": "Closed",
					"key": "Closed",
					"link": null
				},
				"Customer_ID": {
					"title": "0000010161",
					"key": "0000010161",
					"link": null
				},
				"Product_Version_Text": {
					"title": "SAP NETWEAVER 7.4",
					"key": "SAP NETWEAVER 7.4",
					"link": null
				},
				"Escalation_Number": {
					"title": "ESC0401978",
					"key": "ESC0401978",
					"link": null
				},
				"Approval_Set_Date_": {
					"title": "2023-02-14",
					"key": "2023-02-14",
					"link": null
				},
				"Escalation_Closed_Date_Date_": {
					"title": "2023-02-23",
					"key": "2023-02-23",
					"link": null
				},
				"Escalation_Type": {
					"title": "Critical Incident Management",
					"key": "Critical Incident Management",
					"link": null
				},
				"Product_Version": {
					"title": "67838200100900005868",
					"key": "67838200100900005868",
					"link": null
				},
				"Escalation_Created_Date_Date_": {
					"title": "2023-02-14",
					"key": "2023-02-14",
					"link": null
				}
			}, {
				"Customer_Text": {
					"title": "BASF SE",
					"key": "BASF SE",
					"link": null
				},
				"Escalation_Status": {
					"title": "Closed",
					"key": "Closed",
					"link": null
				},
				"Customer_ID": {
					"title": "0000010161",
					"key": "0000010161",
					"link": null
				},
				"Product_Version_Text": {
					"title": "SAP S/4HANA 2021",
					"key": "SAP S/4HANA 2021",
					"link": null
				},
				"Escalation_Number": {
					"title": "ESC0414529",
					"key": "ESC0414529",
					"link": null
				},
				"Approval_Set_Date_": {
					"title": "2023-02-28",
					"key": "2023-02-28",
					"link": null
				},
				"Escalation_Closed_Date_Date_": {
					"title": "2023-03-03",
					"key": "2023-03-03",
					"link": null
				},
				"Escalation_Type": {
					"title": "Critical Incident Management",
					"key": "Critical Incident Management",
					"link": null
				},
				"Product_Version": {
					"title": "73554900100900005134",
					"key": "73554900100900005134",
					"link": null
				},
				"Escalation_Created_Date_Date_": {
					"title": "2023-02-28",
					"key": "2023-02-28",
					"link": null
				}
			}, {
				"Customer_Text": {
					"title": "BASF SE",
					"key": "BASF SE",
					"link": null
				},
				"Escalation_Status": {
					"title": "Closed",
					"key": "Closed",
					"link": null
				},
				"Customer_ID": {
					"title": "0000010161",
					"key": "0000010161",
					"link": null
				},
				"Product_Version_Text": {
					"title": null,
					"key": null,
					"link": null
				},
				"Escalation_Number": {
					"title": "ESC0352089",
					"key": "ESC0352089",
					"link": null
				},
				"Approval_Set_Date_": {
					"title": "2022-12-16",
					"key": "2022-12-16",
					"link": null
				},
				"Escalation_Closed_Date_Date_": {
					"title": "2023-01-04",
					"key": "2023-01-04",
					"link": null
				},
				"Escalation_Type": {
					"title": "Critical Incident Management",
					"key": "Critical Incident Management",
					"link": null
				},
				"Product_Version": {
					"title": "",
					"key": "",
					"link": null
				},
				"Escalation_Created_Date_Date_": {
					"title": "2022-12-16",
					"key": "2022-12-16",
					"link": null
				}
			}, {
				"Customer_Text": {
					"title": "BASF SE",
					"key": "BASF SE",
					"link": null
				},
				"Escalation_Status": {
					"title": "Closed",
					"key": "Closed",
					"link": null
				},
				"Customer_ID": {
					"title": "0000010161",
					"key": "0000010161",
					"link": null
				},
				"Product_Version_Text": {
					"title": "SAP HANA PLATFORM EDITION 2.0",
					"key": "SAP HANA PLATFORM EDITION 2.0",
					"link": null
				},
				"Escalation_Number": {
					"title": "ESC0278466",
					"key": "ESC0278466",
					"link": null
				},
				"Approval_Set_Date_": {
					"title": "2022-09-30",
					"key": "2022-09-30",
					"link": null
				},
				"Escalation_Closed_Date_Date_": {
					"title": "2022-10-18",
					"key": "2022-10-18",
					"link": null
				},
				"Escalation_Type": {
					"title": "Critical Incident Management",
					"key": "Critical Incident Management",
					"link": null
				},
				"Product_Version": {
					"title": "73554900100900001301",
					"key": "73554900100900001301",
					"link": null
				},
				"Escalation_Created_Date_Date_": {
					"title": "2022-09-30",
					"key": "2022-09-30",
					"link": null
				}
			}, {
				"Customer_Text": {
					"title": "BASF SE",
					"key": "BASF SE",
					"link": null
				},
				"Escalation_Status": {
					"title": "Closed",
					"key": "Closed",
					"link": null
				},
				"Customer_ID": {
					"title": "0000010161",
					"key": "0000010161",
					"link": null
				},
				"Product_Version_Text": {
					"title": "SAP ERP 6.0",
					"key": "SAP ERP 6.0",
					"link": null
				},
				"Escalation_Number": {
					"title": "ESC0305775",
					"key": "ESC0305775",
					"link": null
				},
				"Approval_Set_Date_": {
					"title": "2022-10-31",
					"key": "2022-10-31",
					"link": null
				},
				"Escalation_Closed_Date_Date_": {
					"title": "2022-11-02",
					"key": "2022-11-02",
					"link": null
				},
				"Escalation_Type": {
					"title": "Critical Incident Management",
					"key": "Critical Incident Management",
					"link": null
				},
				"Product_Version": {
					"title": "01200615320900001296",
					"key": "01200615320900001296",
					"link": null
				},
				"Escalation_Created_Date_Date_": {
					"title": "2022-10-31",
					"key": "2022-10-31",
					"link": null
				}
			}, {
				"Customer_Text": {
					"title": "BASF SE",
					"key": "BASF SE",
					"link": null
				},
				"Escalation_Status": {
					"title": "Closed",
					"key": "Closed",
					"link": null
				},
				"Customer_ID": {
					"title": "0000010161",
					"key": "0000010161",
					"link": null
				},
				"Product_Version_Text": {
					"title": null,
					"key": null,
					"link": null
				},
				"Escalation_Number": {
					"title": "ESC0349753",
					"key": "ESC0349753",
					"link": null
				},
				"Approval_Set_Date_": {
					"title": "2022-12-16",
					"key": "2022-12-16",
					"link": null
				},
				"Escalation_Closed_Date_Date_": {
					"title": "2022-12-19",
					"key": "2022-12-19",
					"link": null
				},
				"Escalation_Type": {
					"title": "Critical Incident Management",
					"key": "Critical Incident Management",
					"link": null
				},
				"Product_Version": {
					"title": "",
					"key": "",
					"link": null
				},
				"Escalation_Created_Date_Date_": {
					"title": "2022-12-14",
					"key": "2022-12-14",
					"link": null
				}
			}, {
				"Customer_Text": {
					"title": "BASF SE",
					"key": "BASF SE",
					"link": null
				},
				"Escalation_Status": {
					"title": "Closed",
					"key": "Closed",
					"link": null
				},
				"Customer_ID": {
					"title": "0000010161",
					"key": "0000010161",
					"link": null
				},
				"Product_Version_Text": {
					"title": null,
					"key": null,
					"link": null
				},
				"Escalation_Number": {
					"title": "ESC0394413",
					"key": "ESC0394413",
					"link": null
				},
				"Approval_Set_Date_": {
					"title": "2023-02-06",
					"key": "2023-02-06",
					"link": null
				},
				"Escalation_Closed_Date_Date_": {
					"title": "2023-02-15",
					"key": "2023-02-15",
					"link": null
				},
				"Escalation_Type": {
					"title": "Critical Incident Management",
					"key": "Critical Incident Management",
					"link": null
				},
				"Product_Version": {
					"title": "",
					"key": "",
					"link": null
				},
				"Escalation_Created_Date_Date_": {
					"title": "2023-02-06",
					"key": "2023-02-06",
					"link": null
				}
			}, {
				"Customer_Text": {
					"title": "BASF SE",
					"key": "BASF SE",
					"link": null
				},
				"Escalation_Status": {
					"title": "Closed",
					"key": "Closed",
					"link": null
				},
				"Customer_ID": {
					"title": "0000010161",
					"key": "0000010161",
					"link": null
				},
				"Product_Version_Text": {
					"title": "SAP S/4HANA FOUNDATION 2020",
					"key": "SAP S/4HANA FOUNDATION 2020",
					"link": null
				},
				"Escalation_Number": {
					"title": "ESC0331478",
					"key": "ESC0331478",
					"link": null
				},
				"Approval_Set_Date_": {
					"title": "2022-11-24",
					"key": "2022-11-24",
					"link": null
				},
				"Escalation_Closed_Date_Date_": {
					"title": "2022-12-06",
					"key": "2022-12-06",
					"link": null
				},
				"Escalation_Type": {
					"title": "Critical Incident Management",
					"key": "Critical Incident Management",
					"link": null
				},
				"Product_Version": {
					"title": "73555000100900003851",
					"key": "73555000100900003851",
					"link": null
				},
				"Escalation_Created_Date_Date_": {
					"title": "2022-11-24",
					"key": "2022-11-24",
					"link": null
				}
			}, {
				"Customer_Text": {
					"title": "BASF SE",
					"key": "BASF SE",
					"link": null
				},
				"Escalation_Status": {
					"title": "Closed",
					"key": "Closed",
					"link": null
				},
				"Customer_ID": {
					"title": "0000010161",
					"key": "0000010161",
					"link": null
				},
				"Product_Version_Text": {
					"title": "SAP ERP 6.0",
					"key": "SAP ERP 6.0",
					"link": null
				},
				"Escalation_Number": {
					"title": "ESC0344557",
					"key": "ESC0344557",
					"link": null
				},
				"Approval_Set_Date_": {
					"title": "2022-12-08",
					"key": "2022-12-08",
					"link": null
				},
				"Escalation_Closed_Date_Date_": {
					"title": "2022-12-13",
					"key": "2022-12-13",
					"link": null
				},
				"Escalation_Type": {
					"title": "Critical Incident Management",
					"key": "Critical Incident Management",
					"link": null
				},
				"Product_Version": {
					"title": "01200615320900001296",
					"key": "01200615320900001296",
					"link": null
				},
				"Escalation_Created_Date_Date_": {
					"title": "2022-12-08",
					"key": "2022-12-08",
					"link": null
				}
			}, {
				"Customer_Text": {
					"title": "BASF SE",
					"key": "BASF SE",
					"link": null
				},
				"Escalation_Status": {
					"title": "Closed",
					"key": "Closed",
					"link": null
				},
				"Customer_ID": {
					"title": "0000010161",
					"key": "0000010161",
					"link": null
				},
				"Product_Version_Text": {
					"title": "NW AS ABAP 7.52",
					"key": "NW AS ABAP 7.52",
					"link": null
				},
				"Escalation_Number": {
					"title": "ESC0381470",
					"key": "ESC0381470",
					"link": null
				},
				"Approval_Set_Date_": {
					"title": "2023-01-24",
					"key": "2023-01-24",
					"link": null
				},
				"Escalation_Closed_Date_Date_": {
					"title": "2023-01-25",
					"key": "2023-01-25",
					"link": null
				},
				"Escalation_Type": {
					"title": "Critical Incident Management",
					"key": "Critical Incident Management",
					"link": null
				},
				"Product_Version": {
					"title": "73554900100900001597",
					"key": "73554900100900001597",
					"link": null
				},
				"Escalation_Created_Date_Date_": {
					"title": "2023-01-24",
					"key": "2023-01-24",
					"link": null
				}
			}, {
				"Customer_Text": {
					"title": "BASF SE",
					"key": "BASF SE",
					"link": null
				},
				"Escalation_Status": {
					"title": "Closed",
					"key": "Closed",
					"link": null
				},
				"Customer_ID": {
					"title": "0000010161",
					"key": "0000010161",
					"link": null
				},
				"Product_Version_Text": {
					"title": "SAP NETWEAVER 7.5",
					"key": "SAP NETWEAVER 7.5",
					"link": null
				},
				"Escalation_Number": {
					"title": "ESC0297527",
					"key": "ESC0297527",
					"link": null
				},
				"Approval_Set_Date_": {
					"title": "2022-10-20",
					"key": "2022-10-20",
					"link": null
				},
				"Escalation_Closed_Date_Date_": {
					"title": "2022-10-21",
					"key": "2022-10-21",
					"link": null
				},
				"Escalation_Type": {
					"title": "Critical Incident Management",
					"key": "Critical Incident Management",
					"link": null
				},
				"Product_Version": {
					"title": "73554900100900000414",
					"key": "73554900100900000414",
					"link": null
				},
				"Escalation_Created_Date_Date_": {
					"title": "2022-10-20",
					"key": "2022-10-20",
					"link": null
				}
			}, {
				"Customer_Text": {
					"title": "BASF SE",
					"key": "BASF SE",
					"link": null
				},
				"Escalation_Status": {
					"title": "Closed",
					"key": "Closed",
					"link": null
				},
				"Customer_ID": {
					"title": "0000010161",
					"key": "0000010161",
					"link": null
				},
				"Product_Version_Text": {
					"title": "SAP NETWEAVER 7.5",
					"key": "SAP NETWEAVER 7.5",
					"link": null
				},
				"Escalation_Number": {
					"title": "ESC0304520",
					"key": "ESC0304520",
					"link": null
				},
				"Approval_Set_Date_": {
					"title": "2022-11-04",
					"key": "2022-11-04",
					"link": null
				},
				"Escalation_Closed_Date_Date_": {
					"title": "2022-11-29",
					"key": "2022-11-29",
					"link": null
				},
				"Escalation_Type": {
					"title": "Critical Incident Management",
					"key": "Critical Incident Management",
					"link": null
				},
				"Product_Version": {
					"title": "73554900100900000414",
					"key": "73554900100900000414",
					"link": null
				},
				"Escalation_Created_Date_Date_": {
					"title": "2022-10-28",
					"key": "2022-10-28",
					"link": null
				}
			}, {
				"Customer_Text": {
					"title": "BASF SE",
					"key": "BASF SE",
					"link": null
				},
				"Escalation_Status": {
					"title": "Closed",
					"key": "Closed",
					"link": null
				},
				"Customer_ID": {
					"title": "0000010161",
					"key": "0000010161",
					"link": null
				},
				"Product_Version_Text": {
					"title": "SAP SCM 7.0",
					"key": "SAP SCM 7.0",
					"link": null
				},
				"Escalation_Number": {
					"title": "ESC0352076",
					"key": "ESC0352076",
					"link": null
				},
				"Approval_Set_Date_": {
					"title": "2022-12-19",
					"key": "2022-12-19",
					"link": null
				},
				"Escalation_Closed_Date_Date_": {
					"title": "2022-12-20",
					"key": "2022-12-20",
					"link": null
				},
				"Escalation_Type": {
					"title": "Critical Incident Management",
					"key": "Critical Incident Management",
					"link": null
				},
				"Product_Version": {
					"title": "01200314690900000460",
					"key": "01200314690900000460",
					"link": null
				},
				"Escalation_Created_Date_Date_": {
					"title": "2022-12-16",
					"key": "2022-12-16",
					"link": null
				}
			}, {
				"Customer_Text": {
					"title": "BASF SE",
					"key": "BASF SE",
					"link": null
				},
				"Escalation_Status": {
					"title": "Closed",
					"key": "Closed",
					"link": null
				},
				"Customer_ID": {
					"title": "0000010161",
					"key": "0000010161",
					"link": null
				},
				"Product_Version_Text": {
					"title": "SUCCESSFACTORS BIZX CORE 2211",
					"key": "SUCCESSFACTORS BIZX CORE 2211",
					"link": null
				},
				"Escalation_Number": {
					"title": "ESC0372985",
					"key": "ESC0372985",
					"link": null
				},
				"Approval_Set_Date_": {
					"title": "2023-01-16",
					"key": "2023-01-16",
					"link": null
				},
				"Escalation_Closed_Date_Date_": {
					"title": "2023-01-26",
					"key": "2023-01-26",
					"link": null
				},
				"Escalation_Type": {
					"title": "Critical Incident Management",
					"key": "Critical Incident Management",
					"link": null
				},
				"Product_Version": {
					"title": "73554900100900006992",
					"key": "73554900100900006992",
					"link": null
				},
				"Escalation_Created_Date_Date_": {
					"title": "2023-01-13",
					"key": "2023-01-13",
					"link": null
				}
			}, {
				"Customer_Text": {
					"title": "BASF SE",
					"key": "BASF SE",
					"link": null
				},
				"Escalation_Status": {
					"title": "Closed",
					"key": "Closed",
					"link": null
				},
				"Customer_ID": {
					"title": "0000010161",
					"key": "0000010161",
					"link": null
				},
				"Product_Version_Text": {
					"title": "SAP SCM 7.0",
					"key": "SAP SCM 7.0",
					"link": null
				},
				"Escalation_Number": {
					"title": "ESC0325405",
					"key": "ESC0325405",
					"link": null
				},
				"Approval_Set_Date_": {
					"title": "2022-11-18",
					"key": "2022-11-18",
					"link": null
				},
				"Escalation_Closed_Date_Date_": {
					"title": "2022-11-28",
					"key": "2022-11-28",
					"link": null
				},
				"Escalation_Type": {
					"title": "Critical Incident Management",
					"key": "Critical Incident Management",
					"link": null
				},
				"Product_Version": {
					"title": "01200314690900000460",
					"key": "01200314690900000460",
					"link": null
				},
				"Escalation_Created_Date_Date_": {
					"title": "2022-11-18",
					"key": "2022-11-18",
					"link": null
				}
			}, {
				"Customer_Text": {
					"title": "BASF SE",
					"key": "BASF SE",
					"link": null
				},
				"Escalation_Status": {
					"title": "Closed",
					"key": "Closed",
					"link": null
				},
				"Customer_ID": {
					"title": "0000010161",
					"key": "0000010161",
					"link": null
				},
				"Product_Version_Text": {
					"title": "SAP SCM 7.0",
					"key": "SAP SCM 7.0",
					"link": null
				},
				"Escalation_Number": {
					"title": "ESC0332249",
					"key": "ESC0332249",
					"link": null
				},
				"Approval_Set_Date_": {
					"title": "2022-11-25",
					"key": "2022-11-25",
					"link": null
				},
				"Escalation_Closed_Date_Date_": {
					"title": "2022-11-29",
					"key": "2022-11-29",
					"link": null
				},
				"Escalation_Type": {
					"title": "Critical Incident Management",
					"key": "Critical Incident Management",
					"link": null
				},
				"Product_Version": {
					"title": "01200314690900000460",
					"key": "01200314690900000460",
					"link": null
				},
				"Escalation_Created_Date_Date_": {
					"title": "2022-11-25",
					"key": "2022-11-25",
					"link": null
				}
			}, {
				"Customer_Text": {
					"title": "BASF SE",
					"key": "BASF SE",
					"link": null
				},
				"Escalation_Status": {
					"title": "Closed",
					"key": "Closed",
					"link": null
				},
				"Customer_ID": {
					"title": "0000010161",
					"key": "0000010161",
					"link": null
				},
				"Product_Version_Text": {
					"title": "SAP DATA INTELLIGENCE 3",
					"key": "SAP DATA INTELLIGENCE 3",
					"link": null
				},
				"Escalation_Number": {
					"title": "ESC0397806",
					"key": "ESC0397806",
					"link": null
				},
				"Approval_Set_Date_": {
					"title": "2023-02-09",
					"key": "2023-02-09",
					"link": null
				},
				"Escalation_Closed_Date_Date_": {
					"title": "2023-02-10",
					"key": "2023-02-10",
					"link": null
				},
				"Escalation_Type": {
					"title": "Critical Incident Management",
					"key": "Critical Incident Management",
					"link": null
				},
				"Product_Version": {
					"title": "73554900100900004388",
					"key": "73554900100900004388",
					"link": null
				},
				"Escalation_Created_Date_Date_": {
					"title": "2023-02-09",
					"key": "2023-02-09",
					"link": null
				}
			}, {
				"Customer_Text": {
					"title": "BASF SE",
					"key": "BASF SE",
					"link": null
				},
				"Escalation_Status": {
					"title": "Closed",
					"key": "Closed",
					"link": null
				},
				"Customer_ID": {
					"title": "0000010161",
					"key": "0000010161",
					"link": null
				},
				"Product_Version_Text": {
					"title": "SAP ERP 6.0",
					"key": "SAP ERP 6.0",
					"link": null
				},
				"Escalation_Number": {
					"title": "ESC0338799",
					"key": "ESC0338799",
					"link": null
				},
				"Approval_Set_Date_": {
					"title": "2022-12-12",
					"key": "2022-12-12",
					"link": null
				},
				"Escalation_Closed_Date_Date_": {
					"title": "2022-12-15",
					"key": "2022-12-15",
					"link": null
				},
				"Escalation_Type": {
					"title": "Critical Incident Management",
					"key": "Critical Incident Management",
					"link": null
				},
				"Product_Version": {
					"title": "01200615320900001296",
					"key": "01200615320900001296",
					"link": null
				},
				"Escalation_Created_Date_Date_": {
					"title": "2022-12-02",
					"key": "2022-12-02",
					"link": null
				}
			}, {
				"Customer_Text": {
					"title": "BASF SE",
					"key": "BASF SE",
					"link": null
				},
				"Escalation_Status": {
					"title": "Closed",
					"key": "Closed",
					"link": null
				},
				"Customer_ID": {
					"title": "0000010161",
					"key": "0000010161",
					"link": null
				},
				"Product_Version_Text": {
					"title": "SAP NETWEAVER 7.5",
					"key": "SAP NETWEAVER 7.5",
					"link": null
				},
				"Escalation_Number": {
					"title": "ESC0294704",
					"key": "ESC0294704",
					"link": null
				},
				"Approval_Set_Date_": {
					"title": "2022-10-20",
					"key": "2022-10-20",
					"link": null
				},
				"Escalation_Closed_Date_Date_": {
					"title": "2022-10-20",
					"key": "2022-10-20",
					"link": null
				},
				"Escalation_Type": {
					"title": "Critical Incident Management",
					"key": "Critical Incident Management",
					"link": null
				},
				"Product_Version": {
					"title": "73554900100900000414",
					"key": "73554900100900000414",
					"link": null
				},
				"Escalation_Created_Date_Date_": {
					"title": "2022-10-18",
					"key": "2022-10-18",
					"link": null
				}
			}, {
				"Customer_Text": {
					"title": "BASF SE",
					"key": "BASF SE",
					"link": null
				},
				"Escalation_Status": {
					"title": "Closed",
					"key": "Closed",
					"link": null
				},
				"Customer_ID": {
					"title": "0000010161",
					"key": "0000010161",
					"link": null
				},
				"Product_Version_Text": {
					"title": null,
					"key": null,
					"link": null
				},
				"Escalation_Number": {
					"title": "ESC0299444",
					"key": "ESC0299444",
					"link": null
				},
				"Approval_Set_Date_": {
					"title": "2022-10-24",
					"key": "2022-10-24",
					"link": null
				},
				"Escalation_Closed_Date_Date_": {
					"title": "2022-10-24",
					"key": "2022-10-24",
					"link": null
				},
				"Escalation_Type": {
					"title": "Critical Incident Management",
					"key": "Critical Incident Management",
					"link": null
				},
				"Product_Version": {
					"title": "",
					"key": "",
					"link": null
				},
				"Escalation_Created_Date_Date_": {
					"title": "2022-10-24",
					"key": "2022-10-24",
					"link": null
				}
			}, {
				"Customer_Text": {
					"title": "BASF SE",
					"key": "BASF SE",
					"link": null
				},
				"Escalation_Status": {
					"title": "Closed",
					"key": "Closed",
					"link": null
				},
				"Customer_ID": {
					"title": "0000010161",
					"key": "0000010161",
					"link": null
				},
				"Product_Version_Text": {
					"title": null,
					"key": null,
					"link": null
				},
				"Escalation_Number": {
					"title": "ESC0376720",
					"key": "ESC0376720",
					"link": null
				},
				"Approval_Set_Date_": {
					"title": "2023-01-18",
					"key": "2023-01-18",
					"link": null
				},
				"Escalation_Closed_Date_Date_": {
					"title": "2023-01-18",
					"key": "2023-01-18",
					"link": null
				},
				"Escalation_Type": {
					"title": "Critical Incident Management",
					"key": "Critical Incident Management",
					"link": null
				},
				"Product_Version": {
					"title": "",
					"key": "",
					"link": null
				},
				"Escalation_Created_Date_Date_": {
					"title": "2023-01-18",
					"key": "2023-01-18",
					"link": null
				}
			}, {
				"Customer_Text": {
					"title": "BASF SE",
					"key": "BASF SE",
					"link": null
				},
				"Escalation_Status": {
					"title": "Closed",
					"key": "Closed",
					"link": null
				},
				"Customer_ID": {
					"title": "0000010161",
					"key": "0000010161",
					"link": null
				},
				"Product_Version_Text": {
					"title": "SAP S/4HANA FOUNDATION 2020",
					"key": "SAP S/4HANA FOUNDATION 2020",
					"link": null
				},
				"Escalation_Number": {
					"title": "ESC0361663",
					"key": "ESC0361663",
					"link": null
				},
				"Approval_Set_Date_": {
					"title": "2022-12-29",
					"key": "2022-12-29",
					"link": null
				},
				"Escalation_Closed_Date_Date_": {
					"title": "2023-01-04",
					"key": "2023-01-04",
					"link": null
				},
				"Escalation_Type": {
					"title": "Critical Incident Management",
					"key": "Critical Incident Management",
					"link": null
				},
				"Product_Version": {
					"title": "73555000100900003851",
					"key": "73555000100900003851",
					"link": null
				},
				"Escalation_Created_Date_Date_": {
					"title": "2022-12-29",
					"key": "2022-12-29",
					"link": null
				}
			}, {
				"Customer_Text": {
					"title": "BASF SE",
					"key": "BASF SE",
					"link": null
				},
				"Escalation_Status": {
					"title": "Closed",
					"key": "Closed",
					"link": null
				},
				"Customer_ID": {
					"title": "0000010161",
					"key": "0000010161",
					"link": null
				},
				"Product_Version_Text": {
					"title": "SBOP BI PLATFORM 4.3",
					"key": "SBOP BI PLATFORM 4.3",
					"link": null
				},
				"Escalation_Number": {
					"title": "ESC0354771",
					"key": "ESC0354771",
					"link": null
				},
				"Approval_Set_Date_": {
					"title": null,
					"key": null,
					"link": null
				},
				"Escalation_Closed_Date_Date_": {
					"title": "2022-12-20",
					"key": "2022-12-20",
					"link": null
				},
				"Escalation_Type": {
					"title": "Critical Incident Management",
					"key": "Critical Incident Management",
					"link": null
				},
				"Product_Version": {
					"title": "73555000100900001819",
					"key": "73555000100900001819",
					"link": null
				},
				"Escalation_Created_Date_Date_": {
					"title": "2022-12-20",
					"key": "2022-12-20",
					"link": null
				}
			}, {
				"Customer_Text": {
					"title": "BASF SE",
					"key": "BASF SE",
					"link": null
				},
				"Escalation_Status": {
					"title": "Closed",
					"key": "Closed",
					"link": null
				},
				"Customer_ID": {
					"title": "0000010161",
					"key": "0000010161",
					"link": null
				},
				"Product_Version_Text": {
					"title": null,
					"key": null,
					"link": null
				},
				"Escalation_Number": {
					"title": "ESC0384928",
					"key": "ESC0384928",
					"link": null
				},
				"Approval_Set_Date_": {
					"title": "2023-01-27",
					"key": "2023-01-27",
					"link": null
				},
				"Escalation_Closed_Date_Date_": {
					"title": "2023-01-31",
					"key": "2023-01-31",
					"link": null
				},
				"Escalation_Type": {
					"title": "Critical Incident Management",
					"key": "Critical Incident Management",
					"link": null
				},
				"Product_Version": {
					"title": "",
					"key": "",
					"link": null
				},
				"Escalation_Created_Date_Date_": {
					"title": "2023-01-27",
					"key": "2023-01-27",
					"link": null
				}
			}, {
				"Customer_Text": {
					"title": "BASF SE",
					"key": "BASF SE",
					"link": null
				},
				"Escalation_Status": {
					"title": "Closed",
					"key": "Closed",
					"link": null
				},
				"Customer_ID": {
					"title": "0000010161",
					"key": "0000010161",
					"link": null
				},
				"Product_Version_Text": {
					"title": "SAP HANA PLATFORM EDITION 2.0",
					"key": "SAP HANA PLATFORM EDITION 2.0",
					"link": null
				},
				"Escalation_Number": {
					"title": "ESC0316526",
					"key": "ESC0316526",
					"link": null
				},
				"Approval_Set_Date_": {
					"title": "2022-11-10",
					"key": "2022-11-10",
					"link": null
				},
				"Escalation_Closed_Date_Date_": {
					"title": "2022-11-18",
					"key": "2022-11-18",
					"link": null
				},
				"Escalation_Type": {
					"title": "Critical Incident Management",
					"key": "Critical Incident Management",
					"link": null
				},
				"Product_Version": {
					"title": "73554900100900001301",
					"key": "73554900100900001301",
					"link": null
				},
				"Escalation_Created_Date_Date_": {
					"title": "2022-11-10",
					"key": "2022-11-10",
					"link": null
				}
			}, {
				"Customer_Text": {
					"title": "BASF SE",
					"key": "BASF SE",
					"link": null
				},
				"Escalation_Status": {
					"title": "Closed",
					"key": "Closed",
					"link": null
				},
				"Customer_ID": {
					"title": "0000010161",
					"key": "0000010161",
					"link": null
				},
				"Product_Version_Text": {
					"title": "SAP S/4HANA 2021",
					"key": "SAP S/4HANA 2021",
					"link": null
				},
				"Escalation_Number": {
					"title": "ESC0348688",
					"key": "ESC0348688",
					"link": null
				},
				"Approval_Set_Date_": {
					"title": "2022-12-14",
					"key": "2022-12-14",
					"link": null
				},
				"Escalation_Closed_Date_Date_": {
					"title": "2022-12-15",
					"key": "2022-12-15",
					"link": null
				},
				"Escalation_Type": {
					"title": "Critical Incident Management",
					"key": "Critical Incident Management",
					"link": null
				},
				"Product_Version": {
					"title": "73554900100900005134",
					"key": "73554900100900005134",
					"link": null
				},
				"Escalation_Created_Date_Date_": {
					"title": "2022-12-13",
					"key": "2022-12-13",
					"link": null
				}
			}, {
				"Customer_Text": {
					"title": "BASF SE",
					"key": "BASF SE",
					"link": null
				},
				"Escalation_Status": {
					"title": "Closed",
					"key": "Closed",
					"link": null
				},
				"Customer_ID": {
					"title": "0000010161",
					"key": "0000010161",
					"link": null
				},
				"Product_Version_Text": {
					"title": "SAP S/4HANA 2021",
					"key": "SAP S/4HANA 2021",
					"link": null
				},
				"Escalation_Number": {
					"title": "ESC0270762",
					"key": "ESC0270762",
					"link": null
				},
				"Approval_Set_Date_": {
					"title": "2022-09-22",
					"key": "2022-09-22",
					"link": null
				},
				"Escalation_Closed_Date_Date_": {
					"title": "2022-10-04",
					"key": "2022-10-04",
					"link": null
				},
				"Escalation_Type": {
					"title": "Critical Incident Management",
					"key": "Critical Incident Management",
					"link": null
				},
				"Product_Version": {
					"title": "73554900100900005134",
					"key": "73554900100900005134",
					"link": null
				},
				"Escalation_Created_Date_Date_": {
					"title": "2022-09-22",
					"key": "2022-09-22",
					"link": null
				}
			}, {
				"Customer_Text": {
					"title": "BASF SE",
					"key": "BASF SE",
					"link": null
				},
				"Escalation_Status": {
					"title": "Closed",
					"key": "Closed",
					"link": null
				},
				"Customer_ID": {
					"title": "0000010161",
					"key": "0000010161",
					"link": null
				},
				"Product_Version_Text": {
					"title": "SLH - ACRAAS APPLICATION",
					"key": "SLH - ACRAAS APPLICATION",
					"link": null
				},
				"Escalation_Number": {
					"title": "ESC0412128",
					"key": "ESC0412128",
					"link": null
				},
				"Approval_Set_Date_": {
					"title": null,
					"key": null,
					"link": null
				},
				"Escalation_Closed_Date_Date_": {
					"title": "2023-03-08",
					"key": "2023-03-08",
					"link": null
				},
				"Escalation_Type": {
					"title": "Critical Incident Management",
					"key": "Critical Incident Management",
					"link": null
				},
				"Product_Version": {
					"title": "73554900100900001785",
					"key": "73554900100900001785",
					"link": null
				},
				"Escalation_Created_Date_Date_": {
					"title": "2023-02-24",
					"key": "2023-02-24",
					"link": null
				}
			}, {
				"Customer_Text": {
					"title": "BASF SE",
					"key": "BASF SE",
					"link": null
				},
				"Escalation_Status": {
					"title": "Closed",
					"key": "Closed",
					"link": null
				},
				"Customer_ID": {
					"title": "0000010161",
					"key": "0000010161",
					"link": null
				},
				"Product_Version_Text": {
					"title": null,
					"key": null,
					"link": null
				},
				"Escalation_Number": {
					"title": "ESC0421056",
					"key": "ESC0421056",
					"link": null
				},
				"Approval_Set_Date_": {
					"title": "2023-03-08",
					"key": "2023-03-08",
					"link": null
				},
				"Escalation_Closed_Date_Date_": {
					"title": "2023-03-08",
					"key": "2023-03-08",
					"link": null
				},
				"Escalation_Type": {
					"title": "Critical Incident Management",
					"key": "Critical Incident Management",
					"link": null
				},
				"Product_Version": {
					"title": "",
					"key": "",
					"link": null
				},
				"Escalation_Created_Date_Date_": {
					"title": "2023-03-08",
					"key": "2023-03-08",
					"link": null
				}
			}, {
				"Customer_Text": {
					"title": "BASF SE",
					"key": "BASF SE",
					"link": null
				},
				"Escalation_Status": {
					"title": "Closed",
					"key": "Closed",
					"link": null
				},
				"Customer_ID": {
					"title": "0000010161",
					"key": "0000010161",
					"link": null
				},
				"Product_Version_Text": {
					"title": null,
					"key": null,
					"link": null
				},
				"Escalation_Number": {
					"title": "ESC0421248",
					"key": "ESC0421248",
					"link": null
				},
				"Approval_Set_Date_": {
					"title": null,
					"key": null,
					"link": null
				},
				"Escalation_Closed_Date_Date_": {
					"title": "2023-03-09",
					"key": "2023-03-09",
					"link": null
				},
				"Escalation_Type": {
					"title": "Critical Incident Management",
					"key": "Critical Incident Management",
					"link": null
				},
				"Product_Version": {
					"title": "",
					"key": "",
					"link": null
				},
				"Escalation_Created_Date_Date_": {
					"title": "2023-03-08",
					"key": "2023-03-08",
					"link": null
				}
			}, {
				"Customer_Text": {
					"title": "BASF SE",
					"key": "BASF SE",
					"link": null
				},
				"Escalation_Status": {
					"title": "Closed",
					"key": "Closed",
					"link": null
				},
				"Customer_ID": {
					"title": "0000010161",
					"key": "0000010161",
					"link": null
				},
				"Product_Version_Text": {
					"title": "SAP S/4HANA 2022",
					"key": "SAP S/4HANA 2022",
					"link": null
				},
				"Escalation_Number": {
					"title": "ESC0420245",
					"key": "ESC0420245",
					"link": null
				},
				"Approval_Set_Date_": {
					"title": null,
					"key": null,
					"link": null
				},
				"Escalation_Closed_Date_Date_": {
					"title": "2023-03-10",
					"key": "2023-03-10",
					"link": null
				},
				"Escalation_Type": {
					"title": "Critical Incident Management",
					"key": "Critical Incident Management",
					"link": null
				},
				"Product_Version": {
					"title": "73554900100900005331",
					"key": "73554900100900005331",
					"link": null
				},
				"Escalation_Created_Date_Date_": {
					"title": "2023-03-07",
					"key": "2023-03-07",
					"link": null
				}
			}, {
				"Customer_Text": {
					"title": "BASF SE",
					"key": "BASF SE",
					"link": null
				},
				"Escalation_Status": {
					"title": "Closed",
					"key": "Closed",
					"link": null
				},
				"Customer_ID": {
					"title": "0000010161",
					"key": "0000010161",
					"link": null
				},
				"Product_Version_Text": {
					"title": "SAP S/4HANA 2022",
					"key": "SAP S/4HANA 2022",
					"link": null
				},
				"Escalation_Number": {
					"title": "ESC0420244",
					"key": "ESC0420244",
					"link": null
				},
				"Approval_Set_Date_": {
					"title": null,
					"key": null,
					"link": null
				},
				"Escalation_Closed_Date_Date_": {
					"title": "2023-03-10",
					"key": "2023-03-10",
					"link": null
				},
				"Escalation_Type": {
					"title": "Critical Incident Management",
					"key": "Critical Incident Management",
					"link": null
				},
				"Product_Version": {
					"title": "73554900100900005331",
					"key": "73554900100900005331",
					"link": null
				},
				"Escalation_Created_Date_Date_": {
					"title": "2023-03-07",
					"key": "2023-03-07",
					"link": null
				}
			}, {
				"Customer_Text": {
					"title": "BASF SE",
					"key": "BASF SE",
					"link": null
				},
				"Escalation_Status": {
					"title": "Closed",
					"key": "Closed",
					"link": null
				},
				"Customer_ID": {
					"title": "0000010161",
					"key": "0000010161",
					"link": null
				},
				"Product_Version_Text": {
					"title": null,
					"key": null,
					"link": null
				},
				"Escalation_Number": {
					"title": "ESC0427188",
					"key": "ESC0427188",
					"link": null
				},
				"Approval_Set_Date_": {
					"title": "2023-03-15",
					"key": "2023-03-15",
					"link": null
				},
				"Escalation_Closed_Date_Date_": {
					"title": "2023-03-16",
					"key": "2023-03-16",
					"link": null
				},
				"Escalation_Type": {
					"title": "Critical Incident Management",
					"key": "Critical Incident Management",
					"link": null
				},
				"Product_Version": {
					"title": "",
					"key": "",
					"link": null
				},
				"Escalation_Created_Date_Date_": {
					"title": "2023-03-15",
					"key": "2023-03-15",
					"link": null
				}
			}, {
				"Customer_Text": {
					"title": "BASF SE",
					"key": "BASF SE",
					"link": null
				},
				"Escalation_Status": {
					"title": "Closed",
					"key": "Closed",
					"link": null
				},
				"Customer_ID": {
					"title": "0000010161",
					"key": "0000010161",
					"link": null
				},
				"Product_Version_Text": {
					"title": "SAP S/4HANA 2021",
					"key": "SAP S/4HANA 2021",
					"link": null
				},
				"Escalation_Number": {
					"title": "ESC0426801",
					"key": "ESC0426801",
					"link": null
				},
				"Approval_Set_Date_": {
					"title": null,
					"key": null,
					"link": null
				},
				"Escalation_Closed_Date_Date_": {
					"title": "2023-03-16",
					"key": "2023-03-16",
					"link": null
				},
				"Escalation_Type": {
					"title": "Critical Incident Management",
					"key": "Critical Incident Management",
					"link": null
				},
				"Product_Version": {
					"title": "73554900100900005134",
					"key": "73554900100900005134",
					"link": null
				},
				"Escalation_Created_Date_Date_": {
					"title": "2023-03-15",
					"key": "2023-03-15",
					"link": null
				}
			}, {
				"Customer_Text": {
					"title": "BASF SE",
					"key": "BASF SE",
					"link": null
				},
				"Escalation_Status": {
					"title": "Closed",
					"key": "Closed",
					"link": null
				},
				"Customer_ID": {
					"title": "0000010161",
					"key": "0000010161",
					"link": null
				},
				"Product_Version_Text": {
					"title": "SAP HANA PLATFORM EDITION 2.0",
					"key": "SAP HANA PLATFORM EDITION 2.0",
					"link": null
				},
				"Escalation_Number": {
					"title": "ESC0432779",
					"key": "ESC0432779",
					"link": null
				},
				"Approval_Set_Date_": {
					"title": "2023-03-22",
					"key": "2023-03-22",
					"link": null
				},
				"Escalation_Closed_Date_Date_": {
					"title": "2023-03-26",
					"key": "2023-03-26",
					"link": null
				},
				"Escalation_Type": {
					"title": "Critical Incident Management",
					"key": "Critical Incident Management",
					"link": null
				},
				"Product_Version": {
					"title": "73554900100900001301",
					"key": "73554900100900001301",
					"link": null
				},
				"Escalation_Created_Date_Date_": {
					"title": "2023-03-22",
					"key": "2023-03-22",
					"link": null
				}
			}, {
				"Customer_Text": {
					"title": "BASF SE",
					"key": "BASF SE",
					"link": null
				},
				"Escalation_Status": {
					"title": "Declined",
					"key": "Declined",
					"link": null
				},
				"Customer_ID": {
					"title": "0000010161",
					"key": "0000010161",
					"link": null
				},
				"Product_Version_Text": {
					"title": "SAP S/4HANA 2021",
					"key": "SAP S/4HANA 2021",
					"link": null
				},
				"Escalation_Number": {
					"title": "ESC0430178",
					"key": "ESC0430178",
					"link": null
				},
				"Approval_Set_Date_": {
					"title": "2023-03-23",
					"key": "2023-03-23",
					"link": null
				},
				"Escalation_Closed_Date_Date_": {
					"title": "2023-03-23",
					"key": "2023-03-23",
					"link": null
				},
				"Escalation_Type": {
					"title": "Critical Incident Management",
					"key": "Critical Incident Management",
					"link": null
				},
				"Product_Version": {
					"title": "73554900100900005134",
					"key": "73554900100900005134",
					"link": null
				},
				"Escalation_Created_Date_Date_": {
					"title": "2023-03-20",
					"key": "2023-03-20",
					"link": null
				}
			}, {
				"Customer_Text": {
					"title": "BASF SE",
					"key": "BASF SE",
					"link": null
				},
				"Escalation_Status": {
					"title": "Closed",
					"key": "Closed",
					"link": null
				},
				"Customer_ID": {
					"title": "0000010161",
					"key": "0000010161",
					"link": null
				},
				"Product_Version_Text": {
					"title": "SAP S/4HANA 2022",
					"key": "SAP S/4HANA 2022",
					"link": null
				},
				"Escalation_Number": {
					"title": "ESC0421086",
					"key": "ESC0421086",
					"link": null
				},
				"Approval_Set_Date_": {
					"title": "2023-03-08",
					"key": "2023-03-08",
					"link": null
				},
				"Escalation_Closed_Date_Date_": {
					"title": "2023-03-24",
					"key": "2023-03-24",
					"link": null
				},
				"Escalation_Type": {
					"title": "Critical Incident Management",
					"key": "Critical Incident Management",
					"link": null
				},
				"Product_Version": {
					"title": "73554900100900005331",
					"key": "73554900100900005331",
					"link": null
				},
				"Escalation_Created_Date_Date_": {
					"title": "2023-03-08",
					"key": "2023-03-08",
					"link": null
				}
			}, {
				"Customer_Text": {
					"title": "BASF SE",
					"key": "BASF SE",
					"link": null
				},
				"Escalation_Status": {
					"title": "Closed",
					"key": "Closed",
					"link": null
				},
				"Customer_ID": {
					"title": "0000010161",
					"key": "0000010161",
					"link": null
				},
				"Product_Version_Text": {
					"title": "SAP S/4HANA 2022",
					"key": "SAP S/4HANA 2022",
					"link": null
				},
				"Escalation_Number": {
					"title": "ESC0421088",
					"key": "ESC0421088",
					"link": null
				},
				"Approval_Set_Date_": {
					"title": "2023-03-08",
					"key": "2023-03-08",
					"link": null
				},
				"Escalation_Closed_Date_Date_": {
					"title": "2023-03-24",
					"key": "2023-03-24",
					"link": null
				},
				"Escalation_Type": {
					"title": "Critical Incident Management",
					"key": "Critical Incident Management",
					"link": null
				},
				"Product_Version": {
					"title": "73554900100900005331",
					"key": "73554900100900005331",
					"link": null
				},
				"Escalation_Created_Date_Date_": {
					"title": "2023-03-08",
					"key": "2023-03-08",
					"link": null
				}
			}, {
				"Customer_Text": {
					"title": "BASF SE",
					"key": "BASF SE",
					"link": null
				},
				"Escalation_Status": {
					"title": "Closed",
					"key": "Closed",
					"link": null
				},
				"Customer_ID": {
					"title": "0000010161",
					"key": "0000010161",
					"link": null
				},
				"Product_Version_Text": {
					"title": "SAP SCM 7.0",
					"key": "SAP SCM 7.0",
					"link": null
				},
				"Escalation_Number": {
					"title": "ESC0437064",
					"key": "ESC0437064",
					"link": null
				},
				"Approval_Set_Date_": {
					"title": null,
					"key": null,
					"link": null
				},
				"Escalation_Closed_Date_Date_": {
					"title": "2023-03-29",
					"key": "2023-03-29",
					"link": null
				},
				"Escalation_Type": {
					"title": "Critical Incident Management",
					"key": "Critical Incident Management",
					"link": null
				},
				"Product_Version": {
					"title": "01200314690900000460",
					"key": "01200314690900000460",
					"link": null
				},
				"Escalation_Created_Date_Date_": {
					"title": "2023-03-28",
					"key": "2023-03-28",
					"link": null
				}
			}, {
				"Customer_Text": {
					"title": "BASF SE",
					"key": "BASF SE",
					"link": null
				},
				"Escalation_Status": {
					"title": "Closed",
					"key": "Closed",
					"link": null
				},
				"Customer_ID": {
					"title": "0000010161",
					"key": "0000010161",
					"link": null
				},
				"Product_Version_Text": {
					"title": null,
					"key": null,
					"link": null
				},
				"Escalation_Number": {
					"title": "ESC0407802",
					"key": "ESC0407802",
					"link": null
				},
				"Approval_Set_Date_": {
					"title": "2023-02-20",
					"key": "2023-02-20",
					"link": null
				},
				"Escalation_Closed_Date_Date_": {
					"title": "2023-03-30",
					"key": "2023-03-30",
					"link": null
				},
				"Escalation_Type": {
					"title": "Critical Incident Management",
					"key": "Critical Incident Management",
					"link": null
				},
				"Product_Version": {
					"title": "",
					"key": "",
					"link": null
				},
				"Escalation_Created_Date_Date_": {
					"title": "2023-02-20",
					"key": "2023-02-20",
					"link": null
				}
			}, {
				"Customer_Text": {
					"title": "BASF SE",
					"key": "BASF SE",
					"link": null
				},
				"Escalation_Status": {
					"title": "Closed",
					"key": "Closed",
					"link": null
				},
				"Customer_ID": {
					"title": "0000010161",
					"key": "0000010161",
					"link": null
				},
				"Product_Version_Text": {
					"title": "SAP NETWEAVER 7.5",
					"key": "SAP NETWEAVER 7.5",
					"link": null
				},
				"Escalation_Number": {
					"title": "ESC0442471",
					"key": "ESC0442471",
					"link": null
				},
				"Approval_Set_Date_": {
					"title": null,
					"key": null,
					"link": null
				},
				"Escalation_Closed_Date_Date_": {
					"title": "2023-04-05",
					"key": "2023-04-05",
					"link": null
				},
				"Escalation_Type": {
					"title": "Critical Incident Management",
					"key": "Critical Incident Management",
					"link": null
				},
				"Product_Version": {
					"title": "73554900100900000414",
					"key": "73554900100900000414",
					"link": null
				},
				"Escalation_Created_Date_Date_": {
					"title": "2023-04-03",
					"key": "2023-04-03",
					"link": null
				}
			}, {
				"Customer_Text": {
					"title": "BASF SE",
					"key": "BASF SE",
					"link": null
				},
				"Escalation_Status": {
					"title": "Closed",
					"key": "Closed",
					"link": null
				},
				"Customer_ID": {
					"title": "0000010161",
					"key": "0000010161",
					"link": null
				},
				"Product_Version_Text": {
					"title": "SAP NETWEAVER 7.5",
					"key": "SAP NETWEAVER 7.5",
					"link": null
				},
				"Escalation_Number": {
					"title": "ESC0445871",
					"key": "ESC0445871",
					"link": null
				},
				"Approval_Set_Date_": {
					"title": "2023-04-06",
					"key": "2023-04-06",
					"link": null
				},
				"Escalation_Closed_Date_Date_": {
					"title": "2023-04-06",
					"key": "2023-04-06",
					"link": null
				},
				"Escalation_Type": {
					"title": "Critical Incident Management",
					"key": "Critical Incident Management",
					"link": null
				},
				"Product_Version": {
					"title": "73554900100900000414",
					"key": "73554900100900000414",
					"link": null
				},
				"Escalation_Created_Date_Date_": {
					"title": "2023-04-06",
					"key": "2023-04-06",
					"link": null
				}
			}, {
				"Customer_Text": {
					"title": "BASF SE",
					"key": "BASF SE",
					"link": null
				},
				"Escalation_Status": {
					"title": "Closed",
					"key": "Closed",
					"link": null
				},
				"Customer_ID": {
					"title": "0000010161",
					"key": "0000010161",
					"link": null
				},
				"Product_Version_Text": {
					"title": "NW AS ABAP 7.52",
					"key": "NW AS ABAP 7.52",
					"link": null
				},
				"Escalation_Number": {
					"title": "ESC0440517",
					"key": "ESC0440517",
					"link": null
				},
				"Approval_Set_Date_": {
					"title": "2023-04-06",
					"key": "2023-04-06",
					"link": null
				},
				"Escalation_Closed_Date_Date_": {
					"title": "2023-04-10",
					"key": "2023-04-10",
					"link": null
				},
				"Escalation_Type": {
					"title": "Critical Incident Management",
					"key": "Critical Incident Management",
					"link": null
				},
				"Product_Version": {
					"title": "73554900100900001597",
					"key": "73554900100900001597",
					"link": null
				},
				"Escalation_Created_Date_Date_": {
					"title": "2023-03-31",
					"key": "2023-03-31",
					"link": null
				}
			}, {
				"Customer_Text": {
					"title": "BASF SE",
					"key": "BASF SE",
					"link": null
				},
				"Escalation_Status": {
					"title": "Closed",
					"key": "Closed",
					"link": null
				},
				"Customer_ID": {
					"title": "0000010161",
					"key": "0000010161",
					"link": null
				},
				"Product_Version_Text": {
					"title": "SAP DATA SERVICES 4.2",
					"key": "SAP DATA SERVICES 4.2",
					"link": null
				},
				"Escalation_Number": {
					"title": "ESC0448365",
					"key": "ESC0448365",
					"link": null
				},
				"Approval_Set_Date_": {
					"title": "2023-04-11",
					"key": "2023-04-11",
					"link": null
				},
				"Escalation_Closed_Date_Date_": {
					"title": "2023-04-12",
					"key": "2023-04-12",
					"link": null
				},
				"Escalation_Type": {
					"title": "Critical Incident Management",
					"key": "Critical Incident Management",
					"link": null
				},
				"Product_Version": {
					"title": "67838200100900005703",
					"key": "67838200100900005703",
					"link": null
				},
				"Escalation_Created_Date_Date_": {
					"title": "2023-04-11",
					"key": "2023-04-11",
					"link": null
				}
			}, {
				"Customer_Text": {
					"title": "BASF SE",
					"key": "BASF SE",
					"link": null
				},
				"Escalation_Status": {
					"title": "Escalated",
					"key": "Escalated",
					"link": null
				},
				"Customer_ID": {
					"title": "0000010161",
					"key": "0000010161",
					"link": null
				},
				"Product_Version_Text": {
					"title": "SAP S/4HANA FOUNDATION 2020",
					"key": "SAP S/4HANA FOUNDATION 2020",
					"link": null
				},
				"Escalation_Number": {
					"title": "ESC0450631",
					"key": "ESC0450631",
					"link": null
				},
				"Approval_Set_Date_": {
					"title": "2023-04-13",
					"key": "2023-04-13",
					"link": null
				},
				"Escalation_Closed_Date_Date_": {
					"title": null,
					"key": null,
					"link": null
				},
				"Escalation_Type": {
					"title": "Critical Incident Management",
					"key": "Critical Incident Management",
					"link": null
				},
				"Product_Version": {
					"title": "73555000100900003851",
					"key": "73555000100900003851",
					"link": null
				},
				"Escalation_Created_Date_Date_": {
					"title": "2023-04-13",
					"key": "2023-04-13",
					"link": null
				}
			}]
		}
	}
}