{
    "queryResults": {
        "CL_ENG_CASES_ONEDASHBOARD": {
            "columns": {
                "hierarchies": [],
                "attributes": [
                    {
                        "identifier": "PPMS_Product",
                        "title": "PPMS Product"
                    },
                    {
                        "identifier": "Customer_ERP_Account",
                        "title": "Customer ERP Account"
                    },
                    {
                        "identifier": "Customer_ERP_Account_ID",
                        "title": "Customer ERP Account ID"
                    },
                    {
                        "identifier": "Case_Main_Product_Flag",
                        "title": "Case Main Product Flag"
                    },
                    {
                        "identifier": "Case_ID",
                        "title": "Case ID"
                    },
                    {
                        "identifier": "GU_ERP_Account_ID",
                        "title": "GU ERP Account ID"
                    },
                    {
                        "identifier": "Overview_Customer_Type",
                        "title": "Overview: Customer Type"
                    },
                    {
                        "identifier": "Case_Type",
                        "title": "Case Type"
                    },
                    {
                        "identifier": "Global_Ultimate",
                        "title": "Global Ultimate"
                    },
                    {
                        "identifier": "Closing_Date_Day_YYYYMMDD",
                        "title": "Closing Date Day"
                    },
                    {
                        "identifier": "Case_Status",
                        "title": "Case Status"
                    },
                    {
                        "identifier": "PPMS_Product_Name",
                        "title": "PPMS Product Name"
                    },
                    {
                        "identifier": "Case_Description",
                        "title": "Case Description"
                    },
                    {
                        "identifier": "Creation_Date_Day_YYYYMMDD",
                        "title": "Creation Date Day YYYYMMDD"
                    },
                    {
                        "identifier": "Case_Main_Partner_Country",
                        "title": "Case Main Partner Country"
                    },
                    {
                        "identifier": "Overview_Go_Live_Date",
                        "title": "Overview: Go Live Date"
                    }
                ],
                "measures": []
            },
            "rows": [
                {
                    "Case_ID": {
                        "title": "20089039",
                        "key": "20089039",
                        "link": null
                    },
                    "Case_Description": {
                        "title": "20089039 - HEADER DESIGN ISSUE",
                        "key": "20089039 - HEADER DESIGN ISSUE",
                        "link": null
                    },
                    "Case_Status": {
                        "title": "New",
                        "key": "71",
                        "link": null
                    },
                    "Overview_Go_Live_Date": {
                        "title": null,
                        "key": null,
                        "link": null
                    },
                    "Customer_ERP_Account": {
                        "title": "BASF SE",
                        "key": "0000010161",
                        "link": null
                    },
                    "Case_Main_Product_Flag": {
                        "title": "X",
                        "key": "X",
                        "link": null
                    },
                    "Case_Type": {
                        "title": "ZS02",
                        "key": "ZS02",
                        "link": null
                    },
                    "Case_Main_Partner_Country": {
                        "title": "Germany",
                        "key": "Germany",
                        "link": null
                    },
                    "PPMS_Product": {
                        "title": "73554900100800000266",
                        "key": "73554900100800000266",
                        "link": null
                    },
                    "PPMS_Product_Name": {
                        "title": "SAP S/4HANA",
                        "key": "73554900100800000266",
                        "link": null
                    },
                    "Creation_Date_Day_YYYYMMDD": {
                        "title": "20210628",
                        "key": "20210628",
                        "link": null
                    },
                    "Closing_Date_Day_YYYYMMDD": {
                        "title": null,
                        "key": null,
                        "link": null
                    },
                    "Customer_ERP_Account_ID": {
                        "title": "0000010161",
                        "key": "0000010161",
                        "link": null
                    },
                    "GU_ERP_Account_ID": {
                        "title": "0000010161",
                        "key": "0000010161",
                        "link": null
                    },
                    "Overview_Customer_Type": {
                        "title": "MCC Critical Period Coverage",
                        "key": "ZSCUSTYP04",
                        "link": null
                    },
                    "Global_Ultimate": {
                        "title": "BASF SE",
                        "key": "0000010161",
                        "link": null
                    }
                },
                {
                    "Case_ID": {
                        "title": "20095776",
                        "key": "20095776",
                        "link": null
                    },
                    "Case_Description": {
                        "title": "TEST TC2 REPORTING SBR",
                        "key": "TEST TC2 REPORTING SBR",
                        "link": null
                    },
                    "Case_Status": {
                        "title": "In Process",
                        "key": "80",
                        "link": null
                    },
                    "Overview_Go_Live_Date": {
                        "title": "2022-11-01",
                        "key": "2022-11-01",
                        "link": null
                    },
                    "Customer_ERP_Account": {
                        "title": "BASF SE",
                        "key": "0000010161",
                        "link": null
                    },
                    "Case_Main_Product_Flag": {
                        "title": "X",
                        "key": "X",
                        "link": null
                    },
                    "Case_Type": {
                        "title": "ZS02",
                        "key": "ZS02",
                        "link": null
                    },
                    "Case_Main_Partner_Country": {
                        "title": "Germany",
                        "key": "Germany",
                        "link": null
                    },
                    "PPMS_Product": {
                        "title": "73554900100800000266",
                        "key": "73554900100800000266",
                        "link": null
                    },
                    "PPMS_Product_Name": {
                        "title": "SAP S/4HANA",
                        "key": "73554900100800000266",
                        "link": null
                    },
                    "Creation_Date_Day_YYYYMMDD": {
                        "title": "20220324",
                        "key": "20220324",
                        "link": null
                    },
                    "Closing_Date_Day_YYYYMMDD": {
                        "title": null,
                        "key": null,
                        "link": null
                    },
                    "Customer_ERP_Account_ID": {
                        "title": "0000010161",
                        "key": "0000010161",
                        "link": null
                    },
                    "GU_ERP_Account_ID": {
                        "title": "0000010161",
                        "key": "0000010161",
                        "link": null
                    },
                    "Overview_Customer_Type": {
                        "title": "Top Critical Customer",
                        "key": "ZSCUSTYP06",
                        "link": null
                    },
                    "Global_Ultimate": {
                        "title": "BASF SE",
                        "key": "0000010161",
                        "link": null
                    }
                },
                {
                    "Case_ID": {
                        "title": "20095734",
                        "key": "20095734",
                        "link": null
                    },
                    "Case_Description": {
                        "title": "TEST CASE CCM",
                        "key": "TEST CASE CCM",
                        "link": null
                    },
                    "Case_Status": {
                        "title": "New",
                        "key": "71",
                        "link": null
                    },
                    "Overview_Go_Live_Date": {
                        "title": null,
                        "key": null,
                        "link": null
                    },
                    "Customer_ERP_Account": {
                        "title": "BASF SE",
                        "key": "0000010161",
                        "link": null
                    },
                    "Case_Main_Product_Flag": {
                        "title": "X",
                        "key": "X",
                        "link": null
                    },
                    "Case_Type": {
                        "title": "ZS02",
                        "key": "ZS02",
                        "link": null
                    },
                    "Case_Main_Partner_Country": {
                        "title": "Germany",
                        "key": "Germany",
                        "link": null
                    },
                    "PPMS_Product": {
                        "title": "73554900100800000266",
                        "key": "73554900100800000266",
                        "link": null
                    },
                    "PPMS_Product_Name": {
                        "title": "SAP S/4HANA",
                        "key": "73554900100800000266",
                        "link": null
                    },
                    "Creation_Date_Day_YYYYMMDD": {
                        "title": "20220307",
                        "key": "20220307",
                        "link": null
                    },
                    "Closing_Date_Day_YYYYMMDD": {
                        "title": null,
                        "key": null,
                        "link": null
                    },
                    "Customer_ERP_Account_ID": {
                        "title": "0000010161",
                        "key": "0000010161",
                        "link": null
                    },
                    "GU_ERP_Account_ID": {
                        "title": "0000010161",
                        "key": "0000010161",
                        "link": null
                    },
                    "Overview_Customer_Type": {
                        "title": "MCC Critical Customer Management",
                        "key": "ZSCUSTYP05",
                        "link": null
                    },
                    "Global_Ultimate": {
                        "title": "BASF SE",
                        "key": "0000010161",
                        "link": null
                    }
                },
                {
                    "Case_ID": {
                        "title": "20095823",
                        "key": "20095823",
                        "link": null
                    },
                    "Case_Description": {
                        "title": "REQUEST SUPPORT FOR CRITICAL SITUATION",
                        "key": "REQUEST SUPPORT FOR CRITICAL SITUATION",
                        "link": null
                    },
                    "Case_Status": {
                        "title": "New",
                        "key": "71",
                        "link": null
                    },
                    "Overview_Go_Live_Date": {
                        "title": "2022-04-28",
                        "key": "2022-04-28",
                        "link": null
                    },
                    "Customer_ERP_Account": {
                        "title": "BASF SE",
                        "key": "0000010161",
                        "link": null
                    },
                    "Case_Main_Product_Flag": {
                        "title": "X",
                        "key": "X",
                        "link": null
                    },
                    "Case_Type": {
                        "title": "ZS02",
                        "key": "ZS02",
                        "link": null
                    },
                    "Case_Main_Partner_Country": {
                        "title": "Germany",
                        "key": "Germany",
                        "link": null
                    },
                    "PPMS_Product": {
                        "title": "73554900100800000266",
                        "key": "73554900100800000266",
                        "link": null
                    },
                    "PPMS_Product_Name": {
                        "title": "SAP S/4HANA",
                        "key": "73554900100800000266",
                        "link": null
                    },
                    "Creation_Date_Day_YYYYMMDD": {
                        "title": "20220331",
                        "key": "20220331",
                        "link": null
                    },
                    "Closing_Date_Day_YYYYMMDD": {
                        "title": null,
                        "key": null,
                        "link": null
                    },
                    "Customer_ERP_Account_ID": {
                        "title": "0000010161",
                        "key": "0000010161",
                        "link": null
                    },
                    "GU_ERP_Account_ID": {
                        "title": "0000010161",
                        "key": "0000010161",
                        "link": null
                    },
                    "Overview_Customer_Type": {
                        "title": "MCC Critical Customer Management",
                        "key": "ZSCUSTYP05",
                        "link": null
                    },
                    "Global_Ultimate": {
                        "title": "BASF SE",
                        "key": "0000010161",
                        "link": null
                    }
                },
                {
                    "Case_ID": {
                        "title": "20095725",
                        "key": "20095725",
                        "link": null
                    },
                    "Case_Description": {
                        "title": "20095725 - NO EMAIL CUSTOMIZING - DON T CHANGE",
                        "key": "20095725 - NO EMAIL CUSTOMIZING - DON T CHANGE",
                        "link": null
                    },
                    "Case_Status": {
                        "title": "New",
                        "key": "71",
                        "link": null
                    },
                    "Overview_Go_Live_Date": {
                        "title": "2022-03-01",
                        "key": "2022-03-01",
                        "link": null
                    },
                    "Customer_ERP_Account": {
                        "title": "BASF SE",
                        "key": "0000010161",
                        "link": null
                    },
                    "Case_Main_Product_Flag": {
                        "title": "X",
                        "key": "X",
                        "link": null
                    },
                    "Case_Type": {
                        "title": "ZS02",
                        "key": "ZS02",
                        "link": null
                    },
                    "Case_Main_Partner_Country": {
                        "title": "Germany",
                        "key": "Germany",
                        "link": null
                    },
                    "PPMS_Product": {
                        "title": "01200615320800000659",
                        "key": "01200615320800000659",
                        "link": null
                    },
                    "PPMS_Product_Name": {
                        "title": "SAP ERP",
                        "key": "01200615320800000659",
                        "link": null
                    },
                    "Creation_Date_Day_YYYYMMDD": {
                        "title": "20220304",
                        "key": "20220304",
                        "link": null
                    },
                    "Closing_Date_Day_YYYYMMDD": {
                        "title": null,
                        "key": null,
                        "link": null
                    },
                    "Customer_ERP_Account_ID": {
                        "title": "0000010161",
                        "key": "0000010161",
                        "link": null
                    },
                    "GU_ERP_Account_ID": {
                        "title": "0000010161",
                        "key": "0000010161",
                        "link": null
                    },
                    "Overview_Customer_Type": {
                        "title": "MCC Critical Customer Management",
                        "key": "ZSCUSTYP05",
                        "link": null
                    },
                    "Global_Ultimate": {
                        "title": "BASF SE",
                        "key": "0000010161",
                        "link": null
                    }
                },
                {
                    "Case_ID": {
                        "title": "20096207",
                        "key": "20096207",
                        "link": null
                    },
                    "Case_Description": {
                        "title": "TEST SBR NEW CCM FUNCTIONALITY",
                        "key": "TEST SBR NEW CCM FUNCTIONALITY",
                        "link": null
                    },
                    "Case_Status": {
                        "title": "New",
                        "key": "71",
                        "link": null
                    },
                    "Overview_Go_Live_Date": {
                        "title": null,
                        "key": null,
                        "link": null
                    },
                    "Customer_ERP_Account": {
                        "title": "BASF SE",
                        "key": "0000010161",
                        "link": null
                    },
                    "Case_Main_Product_Flag": {
                        "title": "X",
                        "key": "X",
                        "link": null
                    },
                    "Case_Type": {
                        "title": "ZS02",
                        "key": "ZS02",
                        "link": null
                    },
                    "Case_Main_Partner_Country": {
                        "title": "Germany",
                        "key": "Germany",
                        "link": null
                    },
                    "PPMS_Product": {
                        "title": "01200615320800000659",
                        "key": "01200615320800000659",
                        "link": null
                    },
                    "PPMS_Product_Name": {
                        "title": "SAP ERP",
                        "key": "01200615320800000659",
                        "link": null
                    },
                    "Creation_Date_Day_YYYYMMDD": {
                        "title": "20220902",
                        "key": "20220902",
                        "link": null
                    },
                    "Closing_Date_Day_YYYYMMDD": {
                        "title": null,
                        "key": null,
                        "link": null
                    },
                    "Customer_ERP_Account_ID": {
                        "title": "0000010161",
                        "key": "0000010161",
                        "link": null
                    },
                    "GU_ERP_Account_ID": {
                        "title": "0000010161",
                        "key": "0000010161",
                        "link": null
                    },
                    "Overview_Customer_Type": {
                        "title": "MCC Critical Customer Management",
                        "key": "ZSCUSTYP05",
                        "link": null
                    },
                    "Global_Ultimate": {
                        "title": "BASF SE",
                        "key": "0000010161",
                        "link": null
                    }
                },
                {
                    "Case_ID": {
                        "title": "20089054",
                        "key": "20089054",
                        "link": null
                    },
                    "Case_Description": {
                        "title": "20089054 -  253 - TOP ISSUE ACTION PLAN  ADD RESP. ORG. FIEL",
                        "key": "20089054 -  253 - TOP ISSUE ACTION PLAN  ADD RESP. ORG. FIEL",
                        "link": null
                    },
                    "Case_Status": {
                        "title": "New",
                        "key": "71",
                        "link": null
                    },
                    "Overview_Go_Live_Date": {
                        "title": null,
                        "key": null,
                        "link": null
                    },
                    "Customer_ERP_Account": {
                        "title": "BASF SE",
                        "key": "0000010161",
                        "link": null
                    },
                    "Case_Main_Product_Flag": {
                        "title": "X",
                        "key": "X",
                        "link": null
                    },
                    "Case_Type": {
                        "title": "ZS02",
                        "key": "ZS02",
                        "link": null
                    },
                    "Case_Main_Partner_Country": {
                        "title": "Germany",
                        "key": "Germany",
                        "link": null
                    },
                    "PPMS_Product": {
                        "title": "01200615320800000659",
                        "key": "01200615320800000659",
                        "link": null
                    },
                    "PPMS_Product_Name": {
                        "title": "SAP ERP",
                        "key": "01200615320800000659",
                        "link": null
                    },
                    "Creation_Date_Day_YYYYMMDD": {
                        "title": "20210628",
                        "key": "20210628",
                        "link": null
                    },
                    "Closing_Date_Day_YYYYMMDD": {
                        "title": null,
                        "key": null,
                        "link": null
                    },
                    "Customer_ERP_Account_ID": {
                        "title": "0000010161",
                        "key": "0000010161",
                        "link": null
                    },
                    "GU_ERP_Account_ID": {
                        "title": "0000010161",
                        "key": "0000010161",
                        "link": null
                    },
                    "Overview_Customer_Type": {
                        "title": "MCC Critical Period Coverage",
                        "key": "ZSCUSTYP04",
                        "link": null
                    },
                    "Global_Ultimate": {
                        "title": "BASF SE",
                        "key": "0000010161",
                        "link": null
                    }
                },
                {
                    "Case_ID": {
                        "title": "20082880",
                        "key": "20082880",
                        "link": null
                    },
                    "Case_Description": {
                        "title": "TOP CRITICAL MAXATTENTION",
                        "key": "TOP CRITICAL MAXATTENTION",
                        "link": null
                    },
                    "Case_Status": {
                        "title": "In Process",
                        "key": "80",
                        "link": null
                    },
                    "Overview_Go_Live_Date": {
                        "title": null,
                        "key": null,
                        "link": null
                    },
                    "Customer_ERP_Account": {
                        "title": "BASF SE",
                        "key": "0000010161",
                        "link": null
                    },
                    "Case_Main_Product_Flag": {
                        "title": "X",
                        "key": "X",
                        "link": null
                    },
                    "Case_Type": {
                        "title": "ZS02",
                        "key": "ZS02",
                        "link": null
                    },
                    "Case_Main_Partner_Country": {
                        "title": "Germany",
                        "key": "Germany",
                        "link": null
                    },
                    "PPMS_Product": {
                        "title": "01200615320800000659",
                        "key": "01200615320800000659",
                        "link": null
                    },
                    "PPMS_Product_Name": {
                        "title": "SAP ERP",
                        "key": "01200615320800000659",
                        "link": null
                    },
                    "Creation_Date_Day_YYYYMMDD": {
                        "title": "20200214",
                        "key": "20200214",
                        "link": null
                    },
                    "Closing_Date_Day_YYYYMMDD": {
                        "title": null,
                        "key": null,
                        "link": null
                    },
                    "Customer_ERP_Account_ID": {
                        "title": "0000010161",
                        "key": "0000010161",
                        "link": null
                    },
                    "GU_ERP_Account_ID": {
                        "title": "0000010161",
                        "key": "0000010161",
                        "link": null
                    },
                    "Overview_Customer_Type": {
                        "title": "Top Critical Customer",
                        "key": "ZSCUSTYP06",
                        "link": null
                    },
                    "Global_Ultimate": {
                        "title": "BASF SE",
                        "key": "0000010161",
                        "link": null
                    }
                },
                {
                    "Case_ID": {
                        "title": "20089053",
                        "key": "20089053",
                        "link": null
                    },
                    "Case_Description": {
                        "title": "20089053 - HEADER DESIGN ISSUE",
                        "key": "20089053 - HEADER DESIGN ISSUE",
                        "link": null
                    },
                    "Case_Status": {
                        "title": "New",
                        "key": "71",
                        "link": null
                    },
                    "Overview_Go_Live_Date": {
                        "title": null,
                        "key": null,
                        "link": null
                    },
                    "Customer_ERP_Account": {
                        "title": "BASF SE",
                        "key": "0000010161",
                        "link": null
                    },
                    "Case_Main_Product_Flag": {
                        "title": "X",
                        "key": "X",
                        "link": null
                    },
                    "Case_Type": {
                        "title": "ZS02",
                        "key": "ZS02",
                        "link": null
                    },
                    "Case_Main_Partner_Country": {
                        "title": "Germany",
                        "key": "Germany",
                        "link": null
                    },
                    "PPMS_Product": {
                        "title": "01200314690800000134",
                        "key": "01200314690800000134",
                        "link": null
                    },
                    "PPMS_Product_Name": {
                        "title": "SAP NETWEAVER",
                        "key": "01200314690800000134",
                        "link": null
                    },
                    "Creation_Date_Day_YYYYMMDD": {
                        "title": "20210628",
                        "key": "20210628",
                        "link": null
                    },
                    "Closing_Date_Day_YYYYMMDD": {
                        "title": null,
                        "key": null,
                        "link": null
                    },
                    "Customer_ERP_Account_ID": {
                        "title": "0000010161",
                        "key": "0000010161",
                        "link": null
                    },
                    "GU_ERP_Account_ID": {
                        "title": "0000010161",
                        "key": "0000010161",
                        "link": null
                    },
                    "Overview_Customer_Type": {
                        "title": "MCC Critical Customer Management",
                        "key": "ZSCUSTYP05",
                        "link": null
                    },
                    "Global_Ultimate": {
                        "title": "BASF SE",
                        "key": "0000010161",
                        "link": null
                    }
                },
                {
                    "Case_ID": {
                        "title": "20089027",
                        "key": "20089027",
                        "link": null
                    },
                    "Case_Description": {
                        "title": "20089027 -  144 - AVOID MODIFYING CLOSED ISSUES",
                        "key": "20089027 -  144 - AVOID MODIFYING CLOSED ISSUES",
                        "link": null
                    },
                    "Case_Status": {
                        "title": "New",
                        "key": "71",
                        "link": null
                    },
                    "Overview_Go_Live_Date": {
                        "title": null,
                        "key": null,
                        "link": null
                    },
                    "Customer_ERP_Account": {
                        "title": "BASF SE",
                        "key": "0000010161",
                        "link": null
                    },
                    "Case_Main_Product_Flag": {
                        "title": "X",
                        "key": "X",
                        "link": null
                    },
                    "Case_Type": {
                        "title": "ZS02",
                        "key": "ZS02",
                        "link": null
                    },
                    "Case_Main_Partner_Country": {
                        "title": "Germany",
                        "key": "Germany",
                        "link": null
                    },
                    "PPMS_Product": {
                        "title": "67837800100800006356",
                        "key": "67837800100800006356",
                        "link": null
                    },
                    "PPMS_Product_Name": {
                        "title": "SUCCESSFACTORS RECRUITING",
                        "key": "67837800100800006356",
                        "link": null
                    },
                    "Creation_Date_Day_YYYYMMDD": {
                        "title": "20210628",
                        "key": "20210628",
                        "link": null
                    },
                    "Closing_Date_Day_YYYYMMDD": {
                        "title": null,
                        "key": null,
                        "link": null
                    },
                    "Customer_ERP_Account_ID": {
                        "title": "0000010161",
                        "key": "0000010161",
                        "link": null
                    },
                    "GU_ERP_Account_ID": {
                        "title": "0000010161",
                        "key": "0000010161",
                        "link": null
                    },
                    "Overview_Customer_Type": {
                        "title": "MCC Critical Customer Management",
                        "key": "ZSCUSTYP05",
                        "link": null
                    },
                    "Global_Ultimate": {
                        "title": "BASF SE",
                        "key": "0000010161",
                        "link": null
                    }
                },
                {
                    "Case_ID": {
                        "title": "20084779",
                        "key": "20084779",
                        "link": null
                    },
                    "Case_Description": {
                        "title": " DSC  IBP  PROJECT THOR IBP SUPPLY",
                        "key": " DSC  IBP  PROJECT THOR IBP SUPPLY",
                        "link": null
                    },
                    "Case_Status": {
                        "title": "In Process",
                        "key": "80",
                        "link": null
                    },
                    "Overview_Go_Live_Date": {
                        "title": "2022-04-01",
                        "key": "2022-04-01",
                        "link": null
                    },
                    "Customer_ERP_Account": {
                        "title": "BASF SE",
                        "key": "0000010161",
                        "link": null
                    },
                    "Case_Main_Product_Flag": {
                        "title": "X",
                        "key": "X",
                        "link": null
                    },
                    "Case_Type": {
                        "title": "ZS02",
                        "key": "ZS02",
                        "link": null
                    },
                    "Case_Main_Partner_Country": {
                        "title": "Germany",
                        "key": "Germany",
                        "link": null
                    },
                    "PPMS_Product": {
                        "title": "67838200100800006742",
                        "key": "67838200100800006742",
                        "link": null
                    },
                    "PPMS_Product_Name": {
                        "title": "SAP IBP OD",
                        "key": "67838200100800006742",
                        "link": null
                    },
                    "Creation_Date_Day_YYYYMMDD": {
                        "title": "20200709",
                        "key": "20200709",
                        "link": null
                    },
                    "Closing_Date_Day_YYYYMMDD": {
                        "title": null,
                        "key": null,
                        "link": null
                    },
                    "Customer_ERP_Account_ID": {
                        "title": "0000010161",
                        "key": "0000010161",
                        "link": null
                    },
                    "GU_ERP_Account_ID": {
                        "title": "0000010161",
                        "key": "0000010161",
                        "link": null
                    },
                    "Overview_Customer_Type": {
                        "title": "MCC Guided Solution Support Active",
                        "key": "ZSCUSTYP01",
                        "link": null
                    },
                    "Global_Ultimate": {
                        "title": "BASF SE",
                        "key": "0000010161",
                        "link": null
                    }
                },
                {
                    "Case_ID": {
                        "title": "20096198",
                        "key": "20096198",
                        "link": null
                    },
                    "Case_Description": {
                        "title": "TEST NEW TC2 FOR SBR",
                        "key": "TEST NEW TC2 FOR SBR",
                        "link": null
                    },
                    "Case_Status": {
                        "title": "New",
                        "key": "71",
                        "link": null
                    },
                    "Overview_Go_Live_Date": {
                        "title": "2022-11-28",
                        "key": "2022-11-28",
                        "link": null
                    },
                    "Customer_ERP_Account": {
                        "title": "BASF SE",
                        "key": "0000010161",
                        "link": null
                    },
                    "Case_Main_Product_Flag": {
                        "title": "X",
                        "key": "X",
                        "link": null
                    },
                    "Case_Type": {
                        "title": "ZS02",
                        "key": "ZS02",
                        "link": null
                    },
                    "Case_Main_Partner_Country": {
                        "title": "Germany",
                        "key": "Germany",
                        "link": null
                    },
                    "PPMS_Product": {
                        "title": "67837800100800006332",
                        "key": "67837800100800006332",
                        "link": null
                    },
                    "PPMS_Product_Name": {
                        "title": "SUCCESSFACTORS BIZX CORE",
                        "key": "67837800100800006332",
                        "link": null
                    },
                    "Creation_Date_Day_YYYYMMDD": {
                        "title": "20220901",
                        "key": "20220901",
                        "link": null
                    },
                    "Closing_Date_Day_YYYYMMDD": {
                        "title": null,
                        "key": null,
                        "link": null
                    },
                    "Customer_ERP_Account_ID": {
                        "title": "0000010161",
                        "key": "0000010161",
                        "link": null
                    },
                    "GU_ERP_Account_ID": {
                        "title": "0000010161",
                        "key": "0000010161",
                        "link": null
                    },
                    "Overview_Customer_Type": {
                        "title": "Top Critical Customer",
                        "key": "ZSCUSTYP06",
                        "link": null
                    },
                    "Global_Ultimate": {
                        "title": "BASF SE",
                        "key": "0000010161",
                        "link": null
                    }
                },
                {
                    "Case_ID": {
                        "title": "20096616",
                        "key": "20096616",
                        "link": null
                    },
                    "Case_Description": {
                        "title": "TEST",
                        "key": "TEST",
                        "link": null
                    },
                    "Case_Status": {
                        "title": "New",
                        "key": "71",
                        "link": null
                    },
                    "Overview_Go_Live_Date": {
                        "title": null,
                        "key": null,
                        "link": null
                    },
                    "Customer_ERP_Account": {
                        "title": "BASF SE",
                        "key": "0000010161",
                        "link": null
                    },
                    "Case_Main_Product_Flag": {
                        "title": "X",
                        "key": "X",
                        "link": null
                    },
                    "Case_Type": {
                        "title": "ZS02",
                        "key": "ZS02",
                        "link": null
                    },
                    "Case_Main_Partner_Country": {
                        "title": "Germany",
                        "key": "Germany",
                        "link": null
                    },
                    "PPMS_Product": {
                        "title": "73555000100800000771",
                        "key": "73555000100800000771",
                        "link": null
                    },
                    "PPMS_Product_Name": {
                        "title": "SUCCESSFACTORS COMPENSATION",
                        "key": "73555000100800000771",
                        "link": null
                    },
                    "Creation_Date_Day_YYYYMMDD": {
                        "title": "20221221",
                        "key": "20221221",
                        "link": null
                    },
                    "Closing_Date_Day_YYYYMMDD": {
                        "title": null,
                        "key": null,
                        "link": null
                    },
                    "Customer_ERP_Account_ID": {
                        "title": "0000010161",
                        "key": "0000010161",
                        "link": null
                    },
                    "GU_ERP_Account_ID": {
                        "title": "0000010161",
                        "key": "0000010161",
                        "link": null
                    },
                    "Overview_Customer_Type": {
                        "title": "MCC Critical Customer Management",
                        "key": "ZSCUSTYP05",
                        "link": null
                    },
                    "Global_Ultimate": {
                        "title": "BASF SE",
                        "key": "0000010161",
                        "link": null
                    }
                },
                {
                    "Case_ID": {
                        "title": "20095694",
                        "key": "20095694",
                        "link": null
                    },
                    "Case_Description": {
                        "title": "TEST CUSTOMER CPC CASE",
                        "key": "TEST CUSTOMER CPC CASE",
                        "link": null
                    },
                    "Case_Status": {
                        "title": "New",
                        "key": "71",
                        "link": null
                    },
                    "Overview_Go_Live_Date": {
                        "title": null,
                        "key": null,
                        "link": null
                    },
                    "Customer_ERP_Account": {
                        "title": "BASF SE",
                        "key": "0000010161",
                        "link": null
                    },
                    "Case_Main_Product_Flag": {
                        "title": "X",
                        "key": "X",
                        "link": null
                    },
                    "Case_Type": {
                        "title": "ZS02",
                        "key": "ZS02",
                        "link": null
                    },
                    "Case_Main_Partner_Country": {
                        "title": "Germany",
                        "key": "Germany",
                        "link": null
                    },
                    "PPMS_Product": {
                        "title": "67838200100800004730",
                        "key": "67838200100800004730",
                        "link": null
                    },
                    "PPMS_Product_Name": {
                        "title": "SUCCESSFACTORS BIZX SUITE",
                        "key": "67838200100800004730",
                        "link": null
                    },
                    "Creation_Date_Day_YYYYMMDD": {
                        "title": "20220304",
                        "key": "20220304",
                        "link": null
                    },
                    "Closing_Date_Day_YYYYMMDD": {
                        "title": null,
                        "key": null,
                        "link": null
                    },
                    "Customer_ERP_Account_ID": {
                        "title": "0000010161",
                        "key": "0000010161",
                        "link": null
                    },
                    "GU_ERP_Account_ID": {
                        "title": "0000010161",
                        "key": "0000010161",
                        "link": null
                    },
                    "Overview_Customer_Type": {
                        "title": "MCC Critical Period Coverage",
                        "key": "ZSCUSTYP04",
                        "link": null
                    },
                    "Global_Ultimate": {
                        "title": "BASF SE",
                        "key": "0000010161",
                        "link": null
                    }
                },
                {
                    "Case_ID": {
                        "title": "20095785",
                        "key": "20095785",
                        "link": null
                    },
                    "Case_Description": {
                        "title": "TEST TC2 SBR",
                        "key": "TEST TC2 SBR",
                        "link": null
                    },
                    "Case_Status": {
                        "title": "New",
                        "key": "71",
                        "link": null
                    },
                    "Overview_Go_Live_Date": {
                        "title": null,
                        "key": null,
                        "link": null
                    },
                    "Customer_ERP_Account": {
                        "title": "BASF SE",
                        "key": "0000010161",
                        "link": null
                    },
                    "Case_Main_Product_Flag": {
                        "title": "X",
                        "key": "X",
                        "link": null
                    },
                    "Case_Type": {
                        "title": "ZS02",
                        "key": "ZS02",
                        "link": null
                    },
                    "Case_Main_Partner_Country": {
                        "title": "Germany",
                        "key": "Germany",
                        "link": null
                    },
                    "PPMS_Product": {
                        "title": "73555000100800000776",
                        "key": "73555000100800000776",
                        "link": null
                    },
                    "PPMS_Product_Name": {
                        "title": "SUCCESSFACTORS SUC&CARDEV",
                        "key": "73555000100800000776",
                        "link": null
                    },
                    "Creation_Date_Day_YYYYMMDD": {
                        "title": "20220324",
                        "key": "20220324",
                        "link": null
                    },
                    "Closing_Date_Day_YYYYMMDD": {
                        "title": null,
                        "key": null,
                        "link": null
                    },
                    "Customer_ERP_Account_ID": {
                        "title": "0000010161",
                        "key": "0000010161",
                        "link": null
                    },
                    "GU_ERP_Account_ID": {
                        "title": "0000010161",
                        "key": "0000010161",
                        "link": null
                    },
                    "Overview_Customer_Type": {
                        "title": "MCC Critical Customer Management",
                        "key": "ZSCUSTYP05",
                        "link": null
                    },
                    "Global_Ultimate": {
                        "title": "BASF SE",
                        "key": "0000010161",
                        "link": null
                    }
                },
                {
                    "Case_ID": {
                        "title": "20096237",
                        "key": "20096237",
                        "link": null
                    },
                    "Case_Description": {
                        "title": "SBR_CCM_NEW REPORTING_DOCUMENTATION",
                        "key": "SBR_CCM_NEW REPORTING_DOCUMENTATION",
                        "link": null
                    },
                    "Case_Status": {
                        "title": "In Process",
                        "key": "80",
                        "link": null
                    },
                    "Overview_Go_Live_Date": {
                        "title": "2023-01-09",
                        "key": "2023-01-09",
                        "link": null
                    },
                    "Customer_ERP_Account": {
                        "title": "BASF SE",
                        "key": "0000010161",
                        "link": null
                    },
                    "Case_Main_Product_Flag": {
                        "title": "X",
                        "key": "X",
                        "link": null
                    },
                    "Case_Type": {
                        "title": "ZS02",
                        "key": "ZS02",
                        "link": null
                    },
                    "Case_Main_Partner_Country": {
                        "title": "Germany",
                        "key": "Germany",
                        "link": null
                    },
                    "PPMS_Product": {
                        "title": "67837800100800006927",
                        "key": "67837800100800006927",
                        "link": null
                    },
                    "PPMS_Product_Name": {
                        "title": "SAP S/4HANA FINANCE",
                        "key": "67837800100800006927",
                        "link": null
                    },
                    "Creation_Date_Day_YYYYMMDD": {
                        "title": "20220915",
                        "key": "20220915",
                        "link": null
                    },
                    "Closing_Date_Day_YYYYMMDD": {
                        "title": null,
                        "key": null,
                        "link": null
                    },
                    "Customer_ERP_Account_ID": {
                        "title": "0000010161",
                        "key": "0000010161",
                        "link": null
                    },
                    "GU_ERP_Account_ID": {
                        "title": "0000010161",
                        "key": "0000010161",
                        "link": null
                    },
                    "Overview_Customer_Type": {
                        "title": "MCC Critical Customer Management",
                        "key": "ZSCUSTYP05",
                        "link": null
                    },
                    "Global_Ultimate": {
                        "title": "BASF SE",
                        "key": "0000010161",
                        "link": null
                    }
                },
                {
                    "Case_ID": {
                        "title": "20095908",
                        "key": "20095908",
                        "link": null
                    },
                    "Case_Description": {
                        "title": "TEST SBR  3",
                        "key": "TEST SBR  3",
                        "link": null
                    },
                    "Case_Status": {
                        "title": "New",
                        "key": "71",
                        "link": null
                    },
                    "Overview_Go_Live_Date": {
                        "title": null,
                        "key": null,
                        "link": null
                    },
                    "Customer_ERP_Account": {
                        "title": "BASF SE",
                        "key": "0000010161",
                        "link": null
                    },
                    "Case_Main_Product_Flag": {
                        "title": "X",
                        "key": "X",
                        "link": null
                    },
                    "Case_Type": {
                        "title": "ZS02",
                        "key": "ZS02",
                        "link": null
                    },
                    "Case_Main_Partner_Country": {
                        "title": "Germany",
                        "key": "Germany",
                        "link": null
                    },
                    "PPMS_Product": {
                        "title": "67838200100800006882",
                        "key": "67838200100800006882",
                        "link": null
                    },
                    "PPMS_Product_Name": {
                        "title": "ARIBA ONPREMISE BUYER",
                        "key": "67838200100800006882",
                        "link": null
                    },
                    "Creation_Date_Day_YYYYMMDD": {
                        "title": "20220510",
                        "key": "20220510",
                        "link": null
                    },
                    "Closing_Date_Day_YYYYMMDD": {
                        "title": null,
                        "key": null,
                        "link": null
                    },
                    "Customer_ERP_Account_ID": {
                        "title": "0000010161",
                        "key": "0000010161",
                        "link": null
                    },
                    "GU_ERP_Account_ID": {
                        "title": "0000010161",
                        "key": "0000010161",
                        "link": null
                    },
                    "Overview_Customer_Type": {
                        "title": "MCC Critical Customer Management",
                        "key": "ZSCUSTYP05",
                        "link": null
                    },
                    "Global_Ultimate": {
                        "title": "BASF SE",
                        "key": "0000010161",
                        "link": null
                    }
                },
                {
                    "Case_ID": {
                        "title": "20095908",
                        "key": "20095908",
                        "link": null
                    },
                    "Case_Description": {
                        "title": "TEST SBR  3",
                        "key": "TEST SBR  3",
                        "link": null
                    },
                    "Case_Status": {
                        "title": "New",
                        "key": "71",
                        "link": null
                    },
                    "Overview_Go_Live_Date": {
                        "title": null,
                        "key": null,
                        "link": null
                    },
                    "Customer_ERP_Account": {
                        "title": "BASF SE",
                        "key": "0000010161",
                        "link": null
                    },
                    "Case_Main_Product_Flag": {
                        "title": "X",
                        "key": "X",
                        "link": null
                    },
                    "Case_Type": {
                        "title": "ZS02",
                        "key": "ZS02",
                        "link": null
                    },
                    "Case_Main_Partner_Country": {
                        "title": "Germany",
                        "key": "Germany",
                        "link": null
                    },
                    "PPMS_Product": {
                        "title": "73554900100800001562",
                        "key": "73554900100800001562",
                        "link": null
                    },
                    "PPMS_Product_Name": {
                        "title": "ABAP PLATFORM",
                        "key": "73554900100800001562",
                        "link": null
                    },
                    "Creation_Date_Day_YYYYMMDD": {
                        "title": "20220510",
                        "key": "20220510",
                        "link": null
                    },
                    "Closing_Date_Day_YYYYMMDD": {
                        "title": null,
                        "key": null,
                        "link": null
                    },
                    "Customer_ERP_Account_ID": {
                        "title": "0000010161",
                        "key": "0000010161",
                        "link": null
                    },
                    "GU_ERP_Account_ID": {
                        "title": "0000010161",
                        "key": "0000010161",
                        "link": null
                    },
                    "Overview_Customer_Type": {
                        "title": "MCC Critical Customer Management",
                        "key": "ZSCUSTYP05",
                        "link": null
                    },
                    "Global_Ultimate": {
                        "title": "BASF SE",
                        "key": "0000010161",
                        "link": null
                    }
                },
                {
                    "Case_ID": {
                        "title": "20089056",
                        "key": "20089056",
                        "link": null
                    },
                    "Case_Description": {
                        "title": "20089056 -  144 - AVOID MODIFYING CLOSED ISSUES",
                        "key": "20089056 -  144 - AVOID MODIFYING CLOSED ISSUES",
                        "link": null
                    },
                    "Case_Status": {
                        "title": "New",
                        "key": "71",
                        "link": null
                    },
                    "Overview_Go_Live_Date": {
                        "title": "2021-08-15",
                        "key": "2021-08-15",
                        "link": null
                    },
                    "Customer_ERP_Account": {
                        "title": "BASF SE",
                        "key": "0000010161",
                        "link": null
                    },
                    "Case_Main_Product_Flag": {
                        "title": "X",
                        "key": "X",
                        "link": null
                    },
                    "Case_Type": {
                        "title": "ZS02",
                        "key": "ZS02",
                        "link": null
                    },
                    "Case_Main_Partner_Country": {
                        "title": "Germany",
                        "key": "Germany",
                        "link": null
                    },
                    "PPMS_Product": {
                        "title": "73554900100800001562",
                        "key": "73554900100800001562",
                        "link": null
                    },
                    "PPMS_Product_Name": {
                        "title": "ABAP PLATFORM",
                        "key": "73554900100800001562",
                        "link": null
                    },
                    "Creation_Date_Day_YYYYMMDD": {
                        "title": "20210702",
                        "key": "20210702",
                        "link": null
                    },
                    "Closing_Date_Day_YYYYMMDD": {
                        "title": null,
                        "key": null,
                        "link": null
                    },
                    "Customer_ERP_Account_ID": {
                        "title": "0000010161",
                        "key": "0000010161",
                        "link": null
                    },
                    "GU_ERP_Account_ID": {
                        "title": "0000010161",
                        "key": "0000010161",
                        "link": null
                    },
                    "Overview_Customer_Type": {
                        "title": "MCC Critical Customer Management",
                        "key": "ZSCUSTYP05",
                        "link": null
                    },
                    "Global_Ultimate": {
                        "title": "BASF SE",
                        "key": "0000010161",
                        "link": null
                    }
                },
                {
                    "Case_ID": {
                        "title": "20089028",
                        "key": "20089028",
                        "link": null
                    },
                    "Case_Description": {
                        "title": "20089028 - ISSUE TABLE PERSONALIZATION",
                        "key": "20089028 - ISSUE TABLE PERSONALIZATION",
                        "link": null
                    },
                    "Case_Status": {
                        "title": "New",
                        "key": "71",
                        "link": null
                    },
                    "Overview_Go_Live_Date": {
                        "title": null,
                        "key": null,
                        "link": null
                    },
                    "Customer_ERP_Account": {
                        "title": "BASF SE",
                        "key": "0000010161",
                        "link": null
                    },
                    "Case_Main_Product_Flag": {
                        "title": "X",
                        "key": "X",
                        "link": null
                    },
                    "Case_Type": {
                        "title": "ZS02",
                        "key": "ZS02",
                        "link": null
                    },
                    "Case_Main_Partner_Country": {
                        "title": "Germany",
                        "key": "Germany",
                        "link": null
                    },
                    "PPMS_Product": {
                        "title": "01200615320800000574",
                        "key": "01200615320800000574",
                        "link": null
                    },
                    "PPMS_Product_Name": {
                        "title": "SAP GLOBAL TRADE SERVICES",
                        "key": "01200615320800000574",
                        "link": null
                    },
                    "Creation_Date_Day_YYYYMMDD": {
                        "title": "20210629",
                        "key": "20210629",
                        "link": null
                    },
                    "Closing_Date_Day_YYYYMMDD": {
                        "title": null,
                        "key": null,
                        "link": null
                    },
                    "Customer_ERP_Account_ID": {
                        "title": "0000010161",
                        "key": "0000010161",
                        "link": null
                    },
                    "GU_ERP_Account_ID": {
                        "title": "0000010161",
                        "key": "0000010161",
                        "link": null
                    },
                    "Overview_Customer_Type": {
                        "title": "MCC Critical Customer Management",
                        "key": "ZSCUSTYP05",
                        "link": null
                    },
                    "Global_Ultimate": {
                        "title": "BASF SE",
                        "key": "0000010161",
                        "link": null
                    }
                },
                {
                    "Case_ID": {
                        "title": "20089206",
                        "key": "20089206",
                        "link": null
                    },
                    "Case_Description": {
                        "title": "TEST CREATION FOR MCC SUCCESS STORY",
                        "key": "TEST CREATION FOR MCC SUCCESS STORY",
                        "link": null
                    },
                    "Case_Status": {
                        "title": "In Process",
                        "key": "80",
                        "link": null
                    },
                    "Overview_Go_Live_Date": {
                        "title": "2021-10-14",
                        "key": "2021-10-14",
                        "link": null
                    },
                    "Customer_ERP_Account": {
                        "title": "BASF SE",
                        "key": "0000010161",
                        "link": null
                    },
                    "Case_Main_Product_Flag": {
                        "title": "X",
                        "key": "X",
                        "link": null
                    },
                    "Case_Type": {
                        "title": "ZS02",
                        "key": "ZS02",
                        "link": null
                    },
                    "Case_Main_Partner_Country": {
                        "title": "Germany",
                        "key": "Germany",
                        "link": null
                    },
                    "PPMS_Product": {
                        "title": "73555000100800002031",
                        "key": "73555000100800002031",
                        "link": null
                    },
                    "PPMS_Product_Name": {
                        "title": "SAP C/4HANA FOUNDATION",
                        "key": "73555000100800002031",
                        "link": null
                    },
                    "Creation_Date_Day_YYYYMMDD": {
                        "title": "20210929",
                        "key": "20210929",
                        "link": null
                    },
                    "Closing_Date_Day_YYYYMMDD": {
                        "title": null,
                        "key": null,
                        "link": null
                    },
                    "Customer_ERP_Account_ID": {
                        "title": "0000010161",
                        "key": "0000010161",
                        "link": null
                    },
                    "GU_ERP_Account_ID": {
                        "title": "0000010161",
                        "key": "0000010161",
                        "link": null
                    },
                    "Overview_Customer_Type": {
                        "title": "MCC Critical Customer Management",
                        "key": "ZSCUSTYP05",
                        "link": null
                    },
                    "Global_Ultimate": {
                        "title": "BASF SE",
                        "key": "0000010161",
                        "link": null
                    }
                },
                {
                    "Case_ID": {
                        "title": "20096216",
                        "key": "20096216",
                        "link": null
                    },
                    "Case_Description": {
                        "title": "TEST TC2",
                        "key": "TEST TC2",
                        "link": null
                    },
                    "Case_Status": {
                        "title": "New",
                        "key": "71",
                        "link": null
                    },
                    "Overview_Go_Live_Date": {
                        "title": null,
                        "key": null,
                        "link": null
                    },
                    "Customer_ERP_Account": {
                        "title": "BASF SE",
                        "key": "0000010161",
                        "link": null
                    },
                    "Case_Main_Product_Flag": {
                        "title": "X",
                        "key": "X",
                        "link": null
                    },
                    "Case_Type": {
                        "title": "ZS02",
                        "key": "ZS02",
                        "link": null
                    },
                    "Case_Main_Partner_Country": {
                        "title": "Germany",
                        "key": "Germany",
                        "link": null
                    },
                    "PPMS_Product": {
                        "title": "67838200100800006880",
                        "key": "67838200100800006880",
                        "link": null
                    },
                    "PPMS_Product_Name": {
                        "title": "ARIBA ONPREMISE CONTRACT MGMT",
                        "key": "67838200100800006880",
                        "link": null
                    },
                    "Creation_Date_Day_YYYYMMDD": {
                        "title": "20220921",
                        "key": "20220921",
                        "link": null
                    },
                    "Closing_Date_Day_YYYYMMDD": {
                        "title": null,
                        "key": null,
                        "link": null
                    },
                    "Customer_ERP_Account_ID": {
                        "title": "0000010161",
                        "key": "0000010161",
                        "link": null
                    },
                    "GU_ERP_Account_ID": {
                        "title": "0000010161",
                        "key": "0000010161",
                        "link": null
                    },
                    "Overview_Customer_Type": {
                        "title": "Top Critical Customer",
                        "key": "ZSCUSTYP06",
                        "link": null
                    },
                    "Global_Ultimate": {
                        "title": "BASF SE",
                        "key": "0000010161",
                        "link": null
                    }
                }
            ]
        }
    }
}