{
	"queryResults": {
		"CL_CUST_TBE_ESCALATIONS_ONEDASHBOARD": {
			"columns": {
				"hierarchies": [],
				"attributes": [{
					"identifier": "Escalation_Number",
					"title": "Escalation Number"
				}, {
					"identifier": "ESC_Created_At",
					"title": "ESC Created At "
				}, {
					"identifier": "State",
					"title": "State"
				}, {
					"identifier": "Approval_Set",
					"title": "Approval Set"
				}, {
					"identifier": "SLA_PE_Critical_Flag",
					"title": "SLA PE Critical Flag"
				}, {
					"identifier": "SLA_xTec_Flag",
					"title": "SLA xTec Flag"
				}, {
					"identifier": "Customer",
					"title": "Customer "
				}, {
					"identifier": "Product_Version_ID",
					"title": "Product Version ID"
				}, {
					"identifier": "Escalation_Type",
					"title": "Escalation Type"
				}, {
					"identifier": "Product_Version",
					"title": "Product Version "
				}, {
					"identifier": "SLA_definition",
					"title": "SLA definition"
				}, {
					"identifier": "ESC_Closed_At",
					"title": "ESC Closed At"
				}, {
					"identifier": "Customer_Number",
					"title": "Customer Number"
				}, {
					"identifier": "SLA_BDM_Flag",
					"title": "SLA BDM Flag"
				}, {
					"identifier": "SLA_Golive_Endangered_Flag",
					"title": "SLA Golive Endangered Flag"
				}],
				"measures": [{
					"identifier": "Duration_of_Business_elapsed_time_In_Day_",
					"title": "Duration of Business elapsed time (In Day)"
				}, {
					"identifier": "Duration_of_Business_elapsed_time_In_Hour_",
					"title": "Duration of Business elapsed time (In Hour)"
				}]
			},
			"rows": [{
				"ESC_Created_At": {
					"title": "2022-10-24",
					"key": "2022-10-24",
					"link": null
				},
				"ESC_Closed_At": {
					"title": "2022-10-26",
					"key": "2022-10-26",
					"link": null
				},
				"Product_Version_ID": {
					"title": "73555000100900001788",
					"key": "73555000100900001788",
					"link": null
				},
				"Customer": {
					"title": "Volkswagen AG",
					"key": "0000011201",
					"link": null
				},
				"SLA_Golive_Endangered_Flag": {
					"title": "N",
					"key": "N",
					"link": null
				},
				"SLA_BDM_Flag": {
					"title": "N",
					"key": "N",
					"link": null
				},
				"Duration_of_Business_elapsed_time_In_Hour_": {
					"value": 11.54
				},
				"Approval_Set": {
					"title": "2022-10-24",
					"key": "2022-10-24",
					"link": null
				},
				"Customer_Number": {
					"title": "0000011201",
					"key": "0000011201",
					"link": null
				},
				"SLA_PE_Critical_Flag": {
					"title": "Y",
					"key": "Y",
					"link": null
				},
				"State": {
					"title": "Closed",
					"key": "103",
					"link": null
				},
				"Escalation_Number": {
					"title": "ESC0299754",
					"key": "ESC0299754",
					"link": null
				},
				"SLA_xTec_Flag": {
					"title": "Y",
					"key": "Y",
					"link": null
				},
				"SLA_definition": {
					"title": "PE Critical SLA",
					"key": "PE Critical SLA",
					"link": null
				},
				"Escalation_Type": {
					"title": "Technical Backoffice Engagement",
					"key": "0",
					"link": null
				},
				"Product_Version": {
					"title": "SAP S/4HANA 1809",
					"key": "SAP S/4HANA 1809",
					"link": null
				},
				"Duration_of_Business_elapsed_time_In_Day_": {
					"value": 0.48
				}
			}, {
				"ESC_Created_At": {
					"title": "2023-03-28",
					"key": "2023-03-28",
					"link": null
				},
				"ESC_Closed_At": {
					"title": "2023-03-31",
					"key": "2023-03-31",
					"link": null
				},
				"Product_Version_ID": {
					"title": "73555000100900002474",
					"key": "73555000100900002474",
					"link": null
				},
				"Customer": {
					"title": "Volkswagen AG",
					"key": "0000011201",
					"link": null
				},
				"SLA_Golive_Endangered_Flag": {
					"title": "N",
					"key": "N",
					"link": null
				},
				"SLA_BDM_Flag": {
					"title": "Y",
					"key": "Y",
					"link": null
				},
				"Duration_of_Business_elapsed_time_In_Hour_": {
					"value": 5.29
				},
				"Approval_Set": {
					"title": "2023-03-28",
					"key": "2023-03-28",
					"link": null
				},
				"Customer_Number": {
					"title": "0000011201",
					"key": "0000011201",
					"link": null
				},
				"SLA_PE_Critical_Flag": {
					"title": "N",
					"key": "N",
					"link": null
				},
				"State": {
					"title": "Closed",
					"key": "103",
					"link": null
				},
				"Escalation_Number": {
					"title": "ESC0437015",
					"key": "ESC0437015",
					"link": null
				},
				"SLA_xTec_Flag": {
					"title": "Y",
					"key": "Y",
					"link": null
				},
				"SLA_definition": {
					"title": "ZBDM_SITUATION",
					"key": "ZBDM_SITUATION",
					"link": null
				},
				"Escalation_Type": {
					"title": "Technical Backoffice Engagement",
					"key": "0",
					"link": null
				},
				"Product_Version": {
					"title": "SAP S/4HANA 1909",
					"key": "SAP S/4HANA 1909",
					"link": null
				},
				"Duration_of_Business_elapsed_time_In_Day_": {
					"value": 0.22
				}
			}, {
				"ESC_Created_At": {
					"title": "2023-01-09",
					"key": "2023-01-09",
					"link": null
				},
				"ESC_Closed_At": {
					"title": "2023-01-10",
					"key": "2023-01-10",
					"link": null
				},
				"Product_Version_ID": {
					"title": "01200615320900001296",
					"key": "01200615320900001296",
					"link": null
				},
				"Customer": {
					"title": "Volkswagen AG",
					"key": "0000011201",
					"link": null
				},
				"SLA_Golive_Endangered_Flag": {
					"title": "N",
					"key": "N",
					"link": null
				},
				"SLA_BDM_Flag": {
					"title": "N",
					"key": "N",
					"link": null
				},
				"Duration_of_Business_elapsed_time_In_Hour_": {
					"value": 7.86
				},
				"Approval_Set": {
					"title": "2023-01-09",
					"key": "2023-01-09",
					"link": null
				},
				"Customer_Number": {
					"title": "0000011201",
					"key": "0000011201",
					"link": null
				},
				"SLA_PE_Critical_Flag": {
					"title": "Y",
					"key": "Y",
					"link": null
				},
				"State": {
					"title": "Closed",
					"key": "103",
					"link": null
				},
				"Escalation_Number": {
					"title": "ESC0367589",
					"key": "ESC0367589",
					"link": null
				},
				"SLA_xTec_Flag": {
					"title": "Y",
					"key": "Y",
					"link": null
				},
				"SLA_definition": {
					"title": "PE Critical SLA",
					"key": "PE Critical SLA",
					"link": null
				},
				"Escalation_Type": {
					"title": "Technical Backoffice Engagement",
					"key": "0",
					"link": null
				},
				"Product_Version": {
					"title": "SAP ERP 6.0",
					"key": "SAP ERP 6.0",
					"link": null
				},
				"Duration_of_Business_elapsed_time_In_Day_": {
					"value": 0.33
				}
			}, {
				"ESC_Created_At": {
					"title": "2022-11-10",
					"key": "2022-11-10",
					"link": null
				},
				"ESC_Closed_At": {
					"title": "2022-11-14",
					"key": "2022-11-14",
					"link": null
				},
				"Product_Version_ID": {
					"title": "73554900100900005134",
					"key": "73554900100900005134",
					"link": null
				},
				"Customer": {
					"title": "Volkswagen AG",
					"key": "0000011201",
					"link": null
				},
				"SLA_Golive_Endangered_Flag": {
					"title": "Y",
					"key": "Y",
					"link": null
				},
				"SLA_BDM_Flag": {
					"title": "N",
					"key": "N",
					"link": null
				},
				"Duration_of_Business_elapsed_time_In_Hour_": {
					"value": 32.89
				},
				"Approval_Set": {
					"title": "2022-11-10",
					"key": "2022-11-10",
					"link": null
				},
				"Customer_Number": {
					"title": "0000011201",
					"key": "0000011201",
					"link": null
				},
				"SLA_PE_Critical_Flag": {
					"title": "N",
					"key": "N",
					"link": null
				},
				"State": {
					"title": "Closed",
					"key": "103",
					"link": null
				},
				"Escalation_Number": {
					"title": "ESC0316600",
					"key": "ESC0316600",
					"link": null
				},
				"SLA_xTec_Flag": {
					"title": "N",
					"key": "N",
					"link": null
				},
				"SLA_definition": {
					"title": "Golive Endangered SLA",
					"key": "Golive Endangered SLA",
					"link": null
				},
				"Escalation_Type": {
					"title": "Technical Backoffice Engagement",
					"key": "0",
					"link": null
				},
				"Product_Version": {
					"title": "SAP S/4HANA 2021",
					"key": "SAP S/4HANA 2021",
					"link": null
				},
				"Duration_of_Business_elapsed_time_In_Day_": {
					"value": 1.37
				}
			}, {
				"ESC_Created_At": {
					"title": "2023-02-14",
					"key": "2023-02-14",
					"link": null
				},
				"ESC_Closed_At": {
					"title": "2023-02-14",
					"key": "2023-02-14",
					"link": null
				},
				"Product_Version_ID": {
					"title": "01200615320900006067",
					"key": "01200615320900006067",
					"link": null
				},
				"Customer": {
					"title": "Volkswagen AG",
					"key": "0000011201",
					"link": null
				},
				"SLA_Golive_Endangered_Flag": {
					"title": "N",
					"key": "N",
					"link": null
				},
				"SLA_BDM_Flag": {
					"title": "N",
					"key": "N",
					"link": null
				},
				"Duration_of_Business_elapsed_time_In_Hour_": {
					"value": 4.26
				},
				"Approval_Set": {
					"title": "2023-02-14",
					"key": "2023-02-14",
					"link": null
				},
				"Customer_Number": {
					"title": "0000011201",
					"key": "0000011201",
					"link": null
				},
				"SLA_PE_Critical_Flag": {
					"title": "Y",
					"key": "Y",
					"link": null
				},
				"State": {
					"title": "Closed",
					"key": "103",
					"link": null
				},
				"Escalation_Number": {
					"title": "ESC0401480",
					"key": "ESC0401480",
					"link": null
				},
				"SLA_xTec_Flag": {
					"title": "Y",
					"key": "Y",
					"link": null
				},
				"SLA_definition": {
					"title": "PE Critical SLA",
					"key": "PE Critical SLA",
					"link": null
				},
				"Escalation_Type": {
					"title": "Technical Backoffice Engagement",
					"key": "0",
					"link": null
				},
				"Product_Version": {
					"title": "SAP SOLUTION MANAGER 7.2",
					"key": "SAP SOLUTION MANAGER 7.2",
					"link": null
				},
				"Duration_of_Business_elapsed_time_In_Day_": {
					"value": 0.18
				}
			}, {
				"ESC_Created_At": {
					"title": "2022-10-24",
					"key": "2022-10-24",
					"link": null
				},
				"ESC_Closed_At": {
					"title": "2022-10-26",
					"key": "2022-10-26",
					"link": null
				},
				"Product_Version_ID": {
					"title": "73555000100900001788",
					"key": "73555000100900001788",
					"link": null
				},
				"Customer": {
					"title": "Volkswagen AG",
					"key": "0000011201",
					"link": null
				},
				"SLA_Golive_Endangered_Flag": {
					"title": "N",
					"key": "N",
					"link": null
				},
				"SLA_BDM_Flag": {
					"title": "N",
					"key": "N",
					"link": null
				},
				"Duration_of_Business_elapsed_time_In_Hour_": {
					"value": 0.22
				},
				"Approval_Set": {
					"title": "2022-10-24",
					"key": "2022-10-24",
					"link": null
				},
				"Customer_Number": {
					"title": "0000011201",
					"key": "0000011201",
					"link": null
				},
				"SLA_PE_Critical_Flag": {
					"title": "Y",
					"key": "Y",
					"link": null
				},
				"State": {
					"title": "Closed",
					"key": "103",
					"link": null
				},
				"Escalation_Number": {
					"title": "ESC0299754",
					"key": "ESC0299754",
					"link": null
				},
				"SLA_xTec_Flag": {
					"title": "Y",
					"key": "Y",
					"link": null
				},
				"SLA_definition": {
					"title": "Q&D SLA",
					"key": "Q&D SLA",
					"link": null
				},
				"Escalation_Type": {
					"title": "Technical Backoffice Engagement",
					"key": "0",
					"link": null
				},
				"Product_Version": {
					"title": "SAP S/4HANA 1809",
					"key": "SAP S/4HANA 1809",
					"link": null
				},
				"Duration_of_Business_elapsed_time_In_Day_": {
					"value": 0.01
				}
			}, {
				"ESC_Created_At": {
					"title": "2023-01-04",
					"key": "2023-01-04",
					"link": null
				},
				"ESC_Closed_At": {
					"title": "2023-01-04",
					"key": "2023-01-04",
					"link": null
				},
				"Product_Version_ID": {
					"title": "73554900100900000414",
					"key": "73554900100900000414",
					"link": null
				},
				"Customer": {
					"title": "Volkswagen AG",
					"key": "0000011201",
					"link": null
				},
				"SLA_Golive_Endangered_Flag": {
					"title": "N",
					"key": "N",
					"link": null
				},
				"SLA_BDM_Flag": {
					"title": "N",
					"key": "N",
					"link": null
				},
				"Duration_of_Business_elapsed_time_In_Hour_": {
					"value": 0.07
				},
				"Approval_Set": {
					"title": "2023-01-04",
					"key": "2023-01-04",
					"link": null
				},
				"Customer_Number": {
					"title": "0000011201",
					"key": "0000011201",
					"link": null
				},
				"SLA_PE_Critical_Flag": {
					"title": "Y",
					"key": "Y",
					"link": null
				},
				"State": {
					"title": "Closed",
					"key": "103",
					"link": null
				},
				"Escalation_Number": {
					"title": "ESC0364624",
					"key": "ESC0364624",
					"link": null
				},
				"SLA_xTec_Flag": {
					"title": "N",
					"key": "N",
					"link": null
				},
				"SLA_definition": {
					"title": "Q&D SLA",
					"key": "Q&D SLA",
					"link": null
				},
				"Escalation_Type": {
					"title": "Technical Backoffice Engagement",
					"key": "0",
					"link": null
				},
				"Product_Version": {
					"title": "SAP NETWEAVER 7.5",
					"key": "SAP NETWEAVER 7.5",
					"link": null
				},
				"Duration_of_Business_elapsed_time_In_Day_": {
					"value": 0.00
				}
			}, {
				"ESC_Created_At": {
					"title": "2023-01-09",
					"key": "2023-01-09",
					"link": null
				},
				"ESC_Closed_At": {
					"title": "2023-01-10",
					"key": "2023-01-10",
					"link": null
				},
				"Product_Version_ID": {
					"title": "01200615320900001296",
					"key": "01200615320900001296",
					"link": null
				},
				"Customer": {
					"title": "Volkswagen AG",
					"key": "0000011201",
					"link": null
				},
				"SLA_Golive_Endangered_Flag": {
					"title": "N",
					"key": "N",
					"link": null
				},
				"SLA_BDM_Flag": {
					"title": "N",
					"key": "N",
					"link": null
				},
				"Duration_of_Business_elapsed_time_In_Hour_": {
					"value": 5.76
				},
				"Approval_Set": {
					"title": "2023-01-09",
					"key": "2023-01-09",
					"link": null
				},
				"Customer_Number": {
					"title": "0000011201",
					"key": "0000011201",
					"link": null
				},
				"SLA_PE_Critical_Flag": {
					"title": "Y",
					"key": "Y",
					"link": null
				},
				"State": {
					"title": "Closed",
					"key": "103",
					"link": null
				},
				"Escalation_Number": {
					"title": "ESC0367589",
					"key": "ESC0367589",
					"link": null
				},
				"SLA_xTec_Flag": {
					"title": "Y",
					"key": "Y",
					"link": null
				},
				"SLA_definition": {
					"title": " xTec SLA",
					"key": " xTec SLA",
					"link": null
				},
				"Escalation_Type": {
					"title": "Technical Backoffice Engagement",
					"key": "0",
					"link": null
				},
				"Product_Version": {
					"title": "SAP ERP 6.0",
					"key": "SAP ERP 6.0",
					"link": null
				},
				"Duration_of_Business_elapsed_time_In_Day_": {
					"value": 0.24
				}
			}, {
				"ESC_Created_At": {
					"title": "2023-01-04",
					"key": "2023-01-04",
					"link": null
				},
				"ESC_Closed_At": {
					"title": "2023-01-04",
					"key": "2023-01-04",
					"link": null
				},
				"Product_Version_ID": {
					"title": "73554900100900000414",
					"key": "73554900100900000414",
					"link": null
				},
				"Customer": {
					"title": "Volkswagen AG",
					"key": "0000011201",
					"link": null
				},
				"SLA_Golive_Endangered_Flag": {
					"title": "N",
					"key": "N",
					"link": null
				},
				"SLA_BDM_Flag": {
					"title": "N",
					"key": "N",
					"link": null
				},
				"Duration_of_Business_elapsed_time_In_Hour_": {
					"value": 1.20
				},
				"Approval_Set": {
					"title": "2023-01-04",
					"key": "2023-01-04",
					"link": null
				},
				"Customer_Number": {
					"title": "0000011201",
					"key": "0000011201",
					"link": null
				},
				"SLA_PE_Critical_Flag": {
					"title": "Y",
					"key": "Y",
					"link": null
				},
				"State": {
					"title": "Closed",
					"key": "103",
					"link": null
				},
				"Escalation_Number": {
					"title": "ESC0364624",
					"key": "ESC0364624",
					"link": null
				},
				"SLA_xTec_Flag": {
					"title": "N",
					"key": "N",
					"link": null
				},
				"SLA_definition": {
					"title": "PE Critical SLA",
					"key": "PE Critical SLA",
					"link": null
				},
				"Escalation_Type": {
					"title": "Technical Backoffice Engagement",
					"key": "0",
					"link": null
				},
				"Product_Version": {
					"title": "SAP NETWEAVER 7.5",
					"key": "SAP NETWEAVER 7.5",
					"link": null
				},
				"Duration_of_Business_elapsed_time_In_Day_": {
					"value": 0.05
				}
			}, {
				"ESC_Created_At": {
					"title": "2023-03-01",
					"key": "2023-03-01",
					"link": null
				},
				"ESC_Closed_At": {
					"title": "2023-03-03",
					"key": "2023-03-03",
					"link": null
				},
				"Product_Version_ID": {
					"title": "73554900100900001301",
					"key": "73554900100900001301",
					"link": null
				},
				"Customer": {
					"title": "Volkswagen AG",
					"key": "0000011201",
					"link": null
				},
				"SLA_Golive_Endangered_Flag": {
					"title": "N",
					"key": "N",
					"link": null
				},
				"SLA_BDM_Flag": {
					"title": "Y",
					"key": "Y",
					"link": null
				},
				"Duration_of_Business_elapsed_time_In_Hour_": {
					"value": 0.15
				},
				"Approval_Set": {
					"title": "2023-03-01",
					"key": "2023-03-01",
					"link": null
				},
				"Customer_Number": {
					"title": "0000011201",
					"key": "0000011201",
					"link": null
				},
				"SLA_PE_Critical_Flag": {
					"title": "Y",
					"key": "Y",
					"link": null
				},
				"State": {
					"title": "Closed",
					"key": "103",
					"link": null
				},
				"Escalation_Number": {
					"title": "ESC0416093",
					"key": "ESC0416093",
					"link": null
				},
				"SLA_xTec_Flag": {
					"title": "N",
					"key": "N",
					"link": null
				},
				"SLA_definition": {
					"title": "Q&D SLA",
					"key": "Q&D SLA",
					"link": null
				},
				"Escalation_Type": {
					"title": "Technical Backoffice Engagement",
					"key": "0",
					"link": null
				},
				"Product_Version": {
					"title": "SAP HANA PLATFORM EDITION 2.0",
					"key": "SAP HANA PLATFORM EDITION 2.0",
					"link": null
				},
				"Duration_of_Business_elapsed_time_In_Day_": {
					"value": 0.01
				}
			}, {
				"ESC_Created_At": {
					"title": "2023-01-09",
					"key": "2023-01-09",
					"link": null
				},
				"ESC_Closed_At": {
					"title": "2023-01-10",
					"key": "2023-01-10",
					"link": null
				},
				"Product_Version_ID": {
					"title": "01200615320900001296",
					"key": "01200615320900001296",
					"link": null
				},
				"Customer": {
					"title": "Volkswagen AG",
					"key": "0000011201",
					"link": null
				},
				"SLA_Golive_Endangered_Flag": {
					"title": "N",
					"key": "N",
					"link": null
				},
				"SLA_BDM_Flag": {
					"title": "N",
					"key": "N",
					"link": null
				},
				"Duration_of_Business_elapsed_time_In_Hour_": {
					"value": 0.06
				},
				"Approval_Set": {
					"title": "2023-01-09",
					"key": "2023-01-09",
					"link": null
				},
				"Customer_Number": {
					"title": "0000011201",
					"key": "0000011201",
					"link": null
				},
				"SLA_PE_Critical_Flag": {
					"title": "Y",
					"key": "Y",
					"link": null
				},
				"State": {
					"title": "Closed",
					"key": "103",
					"link": null
				},
				"Escalation_Number": {
					"title": "ESC0367589",
					"key": "ESC0367589",
					"link": null
				},
				"SLA_xTec_Flag": {
					"title": "Y",
					"key": "Y",
					"link": null
				},
				"SLA_definition": {
					"title": "Q&D SLA",
					"key": "Q&D SLA",
					"link": null
				},
				"Escalation_Type": {
					"title": "Technical Backoffice Engagement",
					"key": "0",
					"link": null
				},
				"Product_Version": {
					"title": "SAP ERP 6.0",
					"key": "SAP ERP 6.0",
					"link": null
				},
				"Duration_of_Business_elapsed_time_In_Day_": {
					"value": 0.00
				}
			}, {
				"ESC_Created_At": {
					"title": "2023-03-28",
					"key": "2023-03-28",
					"link": null
				},
				"ESC_Closed_At": {
					"title": "2023-03-31",
					"key": "2023-03-31",
					"link": null
				},
				"Product_Version_ID": {
					"title": "73555000100900002474",
					"key": "73555000100900002474",
					"link": null
				},
				"Customer": {
					"title": "Volkswagen AG",
					"key": "0000011201",
					"link": null
				},
				"SLA_Golive_Endangered_Flag": {
					"title": "N",
					"key": "N",
					"link": null
				},
				"SLA_BDM_Flag": {
					"title": "Y",
					"key": "Y",
					"link": null
				},
				"Duration_of_Business_elapsed_time_In_Hour_": {
					"value": 0.07
				},
				"Approval_Set": {
					"title": "2023-03-28",
					"key": "2023-03-28",
					"link": null
				},
				"Customer_Number": {
					"title": "0000011201",
					"key": "0000011201",
					"link": null
				},
				"SLA_PE_Critical_Flag": {
					"title": "N",
					"key": "N",
					"link": null
				},
				"State": {
					"title": "Closed",
					"key": "103",
					"link": null
				},
				"Escalation_Number": {
					"title": "ESC0437015",
					"key": "ESC0437015",
					"link": null
				},
				"SLA_xTec_Flag": {
					"title": "Y",
					"key": "Y",
					"link": null
				},
				"SLA_definition": {
					"title": "Q&D TL SLA",
					"key": "Q&D TL SLA",
					"link": null
				},
				"Escalation_Type": {
					"title": "Technical Backoffice Engagement",
					"key": "0",
					"link": null
				},
				"Product_Version": {
					"title": "SAP S/4HANA 1909",
					"key": "SAP S/4HANA 1909",
					"link": null
				},
				"Duration_of_Business_elapsed_time_In_Day_": {
					"value": 0.00
				}
			}, {
				"ESC_Created_At": {
					"title": "2023-03-01",
					"key": "2023-03-01",
					"link": null
				},
				"ESC_Closed_At": {
					"title": "2023-03-03",
					"key": "2023-03-03",
					"link": null
				},
				"Product_Version_ID": {
					"title": "73554900100900001301",
					"key": "73554900100900001301",
					"link": null
				},
				"Customer": {
					"title": "Volkswagen AG",
					"key": "0000011201",
					"link": null
				},
				"SLA_Golive_Endangered_Flag": {
					"title": "N",
					"key": "N",
					"link": null
				},
				"SLA_BDM_Flag": {
					"title": "Y",
					"key": "Y",
					"link": null
				},
				"Duration_of_Business_elapsed_time_In_Hour_": {
					"value": 5.27
				},
				"Approval_Set": {
					"title": "2023-03-01",
					"key": "2023-03-01",
					"link": null
				},
				"Customer_Number": {
					"title": "0000011201",
					"key": "0000011201",
					"link": null
				},
				"SLA_PE_Critical_Flag": {
					"title": "Y",
					"key": "Y",
					"link": null
				},
				"State": {
					"title": "Closed",
					"key": "103",
					"link": null
				},
				"Escalation_Number": {
					"title": "ESC0416093",
					"key": "ESC0416093",
					"link": null
				},
				"SLA_xTec_Flag": {
					"title": "N",
					"key": "N",
					"link": null
				},
				"SLA_definition": {
					"title": "PE Critical SLA",
					"key": "PE Critical SLA",
					"link": null
				},
				"Escalation_Type": {
					"title": "Technical Backoffice Engagement",
					"key": "0",
					"link": null
				},
				"Product_Version": {
					"title": "SAP HANA PLATFORM EDITION 2.0",
					"key": "SAP HANA PLATFORM EDITION 2.0",
					"link": null
				},
				"Duration_of_Business_elapsed_time_In_Day_": {
					"value": 0.22
				}
			}, {
				"ESC_Created_At": {
					"title": "2023-03-28",
					"key": "2023-03-28",
					"link": null
				},
				"ESC_Closed_At": {
					"title": "2023-03-31",
					"key": "2023-03-31",
					"link": null
				},
				"Product_Version_ID": {
					"title": "73555000100900002474",
					"key": "73555000100900002474",
					"link": null
				},
				"Customer": {
					"title": "Volkswagen AG",
					"key": "0000011201",
					"link": null
				},
				"SLA_Golive_Endangered_Flag": {
					"title": "N",
					"key": "N",
					"link": null
				},
				"SLA_BDM_Flag": {
					"title": "Y",
					"key": "Y",
					"link": null
				},
				"Duration_of_Business_elapsed_time_In_Hour_": {
					"value": 0.07
				},
				"Approval_Set": {
					"title": "2023-03-28",
					"key": "2023-03-28",
					"link": null
				},
				"Customer_Number": {
					"title": "0000011201",
					"key": "0000011201",
					"link": null
				},
				"SLA_PE_Critical_Flag": {
					"title": "N",
					"key": "N",
					"link": null
				},
				"State": {
					"title": "Closed",
					"key": "103",
					"link": null
				},
				"Escalation_Number": {
					"title": "ESC0437015",
					"key": "ESC0437015",
					"link": null
				},
				"SLA_xTec_Flag": {
					"title": "Y",
					"key": "Y",
					"link": null
				},
				"SLA_definition": {
					"title": "Q&D SLA",
					"key": "Q&D SLA",
					"link": null
				},
				"Escalation_Type": {
					"title": "Technical Backoffice Engagement",
					"key": "0",
					"link": null
				},
				"Product_Version": {
					"title": "SAP S/4HANA 1909",
					"key": "SAP S/4HANA 1909",
					"link": null
				},
				"Duration_of_Business_elapsed_time_In_Day_": {
					"value": 0.00
				}
			}, {
				"ESC_Created_At": {
					"title": "2022-11-13",
					"key": "2022-11-13",
					"link": null
				},
				"ESC_Closed_At": {
					"title": "2022-11-13",
					"key": "2022-11-13",
					"link": null
				},
				"Product_Version_ID": {
					"title": "73554900100900005134",
					"key": "73554900100900005134",
					"link": null
				},
				"Customer": {
					"title": "Volkswagen AG",
					"key": "0000011201",
					"link": null
				},
				"SLA_Golive_Endangered_Flag": {
					"title": "Y",
					"key": "Y",
					"link": null
				},
				"SLA_BDM_Flag": {
					"title": "N",
					"key": "N",
					"link": null
				},
				"Duration_of_Business_elapsed_time_In_Hour_": {
					"value": 6.12
				},
				"Approval_Set": {
					"title": "2022-11-13",
					"key": "2022-11-13",
					"link": null
				},
				"Customer_Number": {
					"title": "0000011201",
					"key": "0000011201",
					"link": null
				},
				"SLA_PE_Critical_Flag": {
					"title": "N",
					"key": "N",
					"link": null
				},
				"State": {
					"title": "Closed",
					"key": "103",
					"link": null
				},
				"Escalation_Number": {
					"title": "ESC0319134",
					"key": "ESC0319134",
					"link": null
				},
				"SLA_xTec_Flag": {
					"title": "N",
					"key": "N",
					"link": null
				},
				"SLA_definition": {
					"title": "Golive Endangered SLA",
					"key": "Golive Endangered SLA",
					"link": null
				},
				"Escalation_Type": {
					"title": "Technical Backoffice Engagement",
					"key": "0",
					"link": null
				},
				"Product_Version": {
					"title": "SAP S/4HANA 2021",
					"key": "SAP S/4HANA 2021",
					"link": null
				},
				"Duration_of_Business_elapsed_time_In_Day_": {
					"value": 0.25
				}
			}, {
				"ESC_Created_At": {
					"title": "2022-12-07",
					"key": "2022-12-07",
					"link": null
				},
				"ESC_Closed_At": {
					"title": "2022-12-07",
					"key": "2022-12-07",
					"link": null
				},
				"Product_Version_ID": {
					"title": "73554900100900005134",
					"key": "73554900100900005134",
					"link": null
				},
				"Customer": {
					"title": "Volkswagen AG",
					"key": "0000011201",
					"link": null
				},
				"SLA_Golive_Endangered_Flag": {
					"title": "N",
					"key": "N",
					"link": null
				},
				"SLA_BDM_Flag": {
					"title": "N",
					"key": "N",
					"link": null
				},
				"Duration_of_Business_elapsed_time_In_Hour_": {
					"value": 0.81
				},
				"Approval_Set": {
					"title": "2022-12-07",
					"key": "2022-12-07",
					"link": null
				},
				"Customer_Number": {
					"title": "0000011201",
					"key": "0000011201",
					"link": null
				},
				"SLA_PE_Critical_Flag": {
					"title": "Y",
					"key": "Y",
					"link": null
				},
				"State": {
					"title": "Closed",
					"key": "103",
					"link": null
				},
				"Escalation_Number": {
					"title": "ESC0343464",
					"key": "ESC0343464",
					"link": null
				},
				"SLA_xTec_Flag": {
					"title": "N",
					"key": "N",
					"link": null
				},
				"SLA_definition": {
					"title": "PE Critical SLA",
					"key": "PE Critical SLA",
					"link": null
				},
				"Escalation_Type": {
					"title": "Technical Backoffice Engagement",
					"key": "0",
					"link": null
				},
				"Product_Version": {
					"title": "SAP S/4HANA 2021",
					"key": "SAP S/4HANA 2021",
					"link": null
				},
				"Duration_of_Business_elapsed_time_In_Day_": {
					"value": 0.03
				}
			}, {
				"ESC_Created_At": {
					"title": "2023-01-09",
					"key": "2023-01-09",
					"link": null
				},
				"ESC_Closed_At": {
					"title": "2023-01-10",
					"key": "2023-01-10",
					"link": null
				},
				"Product_Version_ID": {
					"title": "01200615320900001296",
					"key": "01200615320900001296",
					"link": null
				},
				"Customer": {
					"title": "Volkswagen AG",
					"key": "0000011201",
					"link": null
				},
				"SLA_Golive_Endangered_Flag": {
					"title": "N",
					"key": "N",
					"link": null
				},
				"SLA_BDM_Flag": {
					"title": "N",
					"key": "N",
					"link": null
				},
				"Duration_of_Business_elapsed_time_In_Hour_": {
					"value": 0.35
				},
				"Approval_Set": {
					"title": "2023-01-09",
					"key": "2023-01-09",
					"link": null
				},
				"Customer_Number": {
					"title": "0000011201",
					"key": "0000011201",
					"link": null
				},
				"SLA_PE_Critical_Flag": {
					"title": "Y",
					"key": "Y",
					"link": null
				},
				"State": {
					"title": "Closed",
					"key": "103",
					"link": null
				},
				"Escalation_Number": {
					"title": "ESC0367589",
					"key": "ESC0367589",
					"link": null
				},
				"SLA_xTec_Flag": {
					"title": "Y",
					"key": "Y",
					"link": null
				},
				"SLA_definition": {
					"title": " DEA assignment SLA",
					"key": " DEA assignment SLA",
					"link": null
				},
				"Escalation_Type": {
					"title": "Technical Backoffice Engagement",
					"key": "0",
					"link": null
				},
				"Product_Version": {
					"title": "SAP ERP 6.0",
					"key": "SAP ERP 6.0",
					"link": null
				},
				"Duration_of_Business_elapsed_time_In_Day_": {
					"value": 0.01
				}
			}, {
				"ESC_Created_At": {
					"title": "2022-11-13",
					"key": "2022-11-13",
					"link": null
				},
				"ESC_Closed_At": {
					"title": "2022-11-13",
					"key": "2022-11-13",
					"link": null
				},
				"Product_Version_ID": {
					"title": "73554900100900005134",
					"key": "73554900100900005134",
					"link": null
				},
				"Customer": {
					"title": "Volkswagen AG",
					"key": "0000011201",
					"link": null
				},
				"SLA_Golive_Endangered_Flag": {
					"title": "Y",
					"key": "Y",
					"link": null
				},
				"SLA_BDM_Flag": {
					"title": "N",
					"key": "N",
					"link": null
				},
				"Duration_of_Business_elapsed_time_In_Hour_": {
					"value": 0.72
				},
				"Approval_Set": {
					"title": "2022-11-13",
					"key": "2022-11-13",
					"link": null
				},
				"Customer_Number": {
					"title": "0000011201",
					"key": "0000011201",
					"link": null
				},
				"SLA_PE_Critical_Flag": {
					"title": "N",
					"key": "N",
					"link": null
				},
				"State": {
					"title": "Closed",
					"key": "103",
					"link": null
				},
				"Escalation_Number": {
					"title": "ESC0319134",
					"key": "ESC0319134",
					"link": null
				},
				"SLA_xTec_Flag": {
					"title": "N",
					"key": "N",
					"link": null
				},
				"SLA_definition": {
					"title": " DEA assignment SLA",
					"key": " DEA assignment SLA",
					"link": null
				},
				"Escalation_Type": {
					"title": "Technical Backoffice Engagement",
					"key": "0",
					"link": null
				},
				"Product_Version": {
					"title": "SAP S/4HANA 2021",
					"key": "SAP S/4HANA 2021",
					"link": null
				},
				"Duration_of_Business_elapsed_time_In_Day_": {
					"value": 0.03
				}
			}, {
				"ESC_Created_At": {
					"title": "2023-03-01",
					"key": "2023-03-01",
					"link": null
				},
				"ESC_Closed_At": {
					"title": "2023-03-03",
					"key": "2023-03-03",
					"link": null
				},
				"Product_Version_ID": {
					"title": "73554900100900001301",
					"key": "73554900100900001301",
					"link": null
				},
				"Customer": {
					"title": "Volkswagen AG",
					"key": "0000011201",
					"link": null
				},
				"SLA_Golive_Endangered_Flag": {
					"title": "N",
					"key": "N",
					"link": null
				},
				"SLA_BDM_Flag": {
					"title": "Y",
					"key": "Y",
					"link": null
				},
				"Duration_of_Business_elapsed_time_In_Hour_": {
					"value": 9.44
				},
				"Approval_Set": {
					"title": "2023-03-01",
					"key": "2023-03-01",
					"link": null
				},
				"Customer_Number": {
					"title": "0000011201",
					"key": "0000011201",
					"link": null
				},
				"SLA_PE_Critical_Flag": {
					"title": "Y",
					"key": "Y",
					"link": null
				},
				"State": {
					"title": "Closed",
					"key": "103",
					"link": null
				},
				"Escalation_Number": {
					"title": "ESC0416093",
					"key": "ESC0416093",
					"link": null
				},
				"SLA_xTec_Flag": {
					"title": "N",
					"key": "N",
					"link": null
				},
				"SLA_definition": {
					"title": "ZBDM_SITUATION",
					"key": "ZBDM_SITUATION",
					"link": null
				},
				"Escalation_Type": {
					"title": "Technical Backoffice Engagement",
					"key": "0",
					"link": null
				},
				"Product_Version": {
					"title": "SAP HANA PLATFORM EDITION 2.0",
					"key": "SAP HANA PLATFORM EDITION 2.0",
					"link": null
				},
				"Duration_of_Business_elapsed_time_In_Day_": {
					"value": 0.39
				}
			}, {
				"ESC_Created_At": {
					"title": "2023-03-01",
					"key": "2023-03-01",
					"link": null
				},
				"ESC_Closed_At": {
					"title": "2023-03-03",
					"key": "2023-03-03",
					"link": null
				},
				"Product_Version_ID": {
					"title": "73554900100900001301",
					"key": "73554900100900001301",
					"link": null
				},
				"Customer": {
					"title": "Volkswagen AG",
					"key": "0000011201",
					"link": null
				},
				"SLA_Golive_Endangered_Flag": {
					"title": "N",
					"key": "N",
					"link": null
				},
				"SLA_BDM_Flag": {
					"title": "Y",
					"key": "Y",
					"link": null
				},
				"Duration_of_Business_elapsed_time_In_Hour_": {
					"value": 0.32
				},
				"Approval_Set": {
					"title": "2023-03-01",
					"key": "2023-03-01",
					"link": null
				},
				"Customer_Number": {
					"title": "0000011201",
					"key": "0000011201",
					"link": null
				},
				"SLA_PE_Critical_Flag": {
					"title": "Y",
					"key": "Y",
					"link": null
				},
				"State": {
					"title": "Closed",
					"key": "103",
					"link": null
				},
				"Escalation_Number": {
					"title": "ESC0416093",
					"key": "ESC0416093",
					"link": null
				},
				"SLA_xTec_Flag": {
					"title": "N",
					"key": "N",
					"link": null
				},
				"SLA_definition": {
					"title": "Q&D TL SLA",
					"key": "Q&D TL SLA",
					"link": null
				},
				"Escalation_Type": {
					"title": "Technical Backoffice Engagement",
					"key": "0",
					"link": null
				},
				"Product_Version": {
					"title": "SAP HANA PLATFORM EDITION 2.0",
					"key": "SAP HANA PLATFORM EDITION 2.0",
					"link": null
				},
				"Duration_of_Business_elapsed_time_In_Day_": {
					"value": 0.01
				}
			}, {
				"ESC_Created_At": {
					"title": "2023-01-04",
					"key": "2023-01-04",
					"link": null
				},
				"ESC_Closed_At": {
					"title": "2023-01-04",
					"key": "2023-01-04",
					"link": null
				},
				"Product_Version_ID": {
					"title": "73554900100900000414",
					"key": "73554900100900000414",
					"link": null
				},
				"Customer": {
					"title": "Volkswagen AG",
					"key": "0000011201",
					"link": null
				},
				"SLA_Golive_Endangered_Flag": {
					"title": "N",
					"key": "N",
					"link": null
				},
				"SLA_BDM_Flag": {
					"title": "N",
					"key": "N",
					"link": null
				},
				"Duration_of_Business_elapsed_time_In_Hour_": {
					"value": 0.24
				},
				"Approval_Set": {
					"title": "2023-01-04",
					"key": "2023-01-04",
					"link": null
				},
				"Customer_Number": {
					"title": "0000011201",
					"key": "0000011201",
					"link": null
				},
				"SLA_PE_Critical_Flag": {
					"title": "Y",
					"key": "Y",
					"link": null
				},
				"State": {
					"title": "Closed",
					"key": "103",
					"link": null
				},
				"Escalation_Number": {
					"title": "ESC0364624",
					"key": "ESC0364624",
					"link": null
				},
				"SLA_xTec_Flag": {
					"title": "N",
					"key": "N",
					"link": null
				},
				"SLA_definition": {
					"title": " DEA assignment SLA",
					"key": " DEA assignment SLA",
					"link": null
				},
				"Escalation_Type": {
					"title": "Technical Backoffice Engagement",
					"key": "0",
					"link": null
				},
				"Product_Version": {
					"title": "SAP NETWEAVER 7.5",
					"key": "SAP NETWEAVER 7.5",
					"link": null
				},
				"Duration_of_Business_elapsed_time_In_Day_": {
					"value": 0.01
				}
			}, {
				"ESC_Created_At": {
					"title": "2023-02-14",
					"key": "2023-02-14",
					"link": null
				},
				"ESC_Closed_At": {
					"title": "2023-02-14",
					"key": "2023-02-14",
					"link": null
				},
				"Product_Version_ID": {
					"title": "01200615320900006067",
					"key": "01200615320900006067",
					"link": null
				},
				"Customer": {
					"title": "Volkswagen AG",
					"key": "0000011201",
					"link": null
				},
				"SLA_Golive_Endangered_Flag": {
					"title": "N",
					"key": "N",
					"link": null
				},
				"SLA_BDM_Flag": {
					"title": "N",
					"key": "N",
					"link": null
				},
				"Duration_of_Business_elapsed_time_In_Hour_": {
					"value": 0.42
				},
				"Approval_Set": {
					"title": "2023-02-14",
					"key": "2023-02-14",
					"link": null
				},
				"Customer_Number": {
					"title": "0000011201",
					"key": "0000011201",
					"link": null
				},
				"SLA_PE_Critical_Flag": {
					"title": "Y",
					"key": "Y",
					"link": null
				},
				"State": {
					"title": "Closed",
					"key": "103",
					"link": null
				},
				"Escalation_Number": {
					"title": "ESC0401480",
					"key": "ESC0401480",
					"link": null
				},
				"SLA_xTec_Flag": {
					"title": "Y",
					"key": "Y",
					"link": null
				},
				"SLA_definition": {
					"title": "Q&D SLA",
					"key": "Q&D SLA",
					"link": null
				},
				"Escalation_Type": {
					"title": "Technical Backoffice Engagement",
					"key": "0",
					"link": null
				},
				"Product_Version": {
					"title": "SAP SOLUTION MANAGER 7.2",
					"key": "SAP SOLUTION MANAGER 7.2",
					"link": null
				},
				"Duration_of_Business_elapsed_time_In_Day_": {
					"value": 0.02
				}
			}, {
				"ESC_Created_At": {
					"title": "2022-10-24",
					"key": "2022-10-24",
					"link": null
				},
				"ESC_Closed_At": {
					"title": "2022-10-26",
					"key": "2022-10-26",
					"link": null
				},
				"Product_Version_ID": {
					"title": "73555000100900001788",
					"key": "73555000100900001788",
					"link": null
				},
				"Customer": {
					"title": "Volkswagen AG",
					"key": "0000011201",
					"link": null
				},
				"SLA_Golive_Endangered_Flag": {
					"title": "N",
					"key": "N",
					"link": null
				},
				"SLA_BDM_Flag": {
					"title": "N",
					"key": "N",
					"link": null
				},
				"Duration_of_Business_elapsed_time_In_Hour_": {
					"value": 17.96
				},
				"Approval_Set": {
					"title": "2022-10-24",
					"key": "2022-10-24",
					"link": null
				},
				"Customer_Number": {
					"title": "0000011201",
					"key": "0000011201",
					"link": null
				},
				"SLA_PE_Critical_Flag": {
					"title": "Y",
					"key": "Y",
					"link": null
				},
				"State": {
					"title": "Closed",
					"key": "103",
					"link": null
				},
				"Escalation_Number": {
					"title": "ESC0299754",
					"key": "ESC0299754",
					"link": null
				},
				"SLA_xTec_Flag": {
					"title": "Y",
					"key": "Y",
					"link": null
				},
				"SLA_definition": {
					"title": " xTec SLA",
					"key": " xTec SLA",
					"link": null
				},
				"Escalation_Type": {
					"title": "Technical Backoffice Engagement",
					"key": "0",
					"link": null
				},
				"Product_Version": {
					"title": "SAP S/4HANA 1809",
					"key": "SAP S/4HANA 1809",
					"link": null
				},
				"Duration_of_Business_elapsed_time_In_Day_": {
					"value": 0.75
				}
			}, {
				"ESC_Created_At": {
					"title": "2023-03-28",
					"key": "2023-03-28",
					"link": null
				},
				"ESC_Closed_At": {
					"title": "2023-03-31",
					"key": "2023-03-31",
					"link": null
				},
				"Product_Version_ID": {
					"title": "73555000100900002474",
					"key": "73555000100900002474",
					"link": null
				},
				"Customer": {
					"title": "Volkswagen AG",
					"key": "0000011201",
					"link": null
				},
				"SLA_Golive_Endangered_Flag": {
					"title": "N",
					"key": "N",
					"link": null
				},
				"SLA_BDM_Flag": {
					"title": "Y",
					"key": "Y",
					"link": null
				},
				"Duration_of_Business_elapsed_time_In_Hour_": {
					"value": 55.77
				},
				"Approval_Set": {
					"title": "2023-03-28",
					"key": "2023-03-28",
					"link": null
				},
				"Customer_Number": {
					"title": "0000011201",
					"key": "0000011201",
					"link": null
				},
				"SLA_PE_Critical_Flag": {
					"title": "N",
					"key": "N",
					"link": null
				},
				"State": {
					"title": "Closed",
					"key": "103",
					"link": null
				},
				"Escalation_Number": {
					"title": "ESC0437015",
					"key": "ESC0437015",
					"link": null
				},
				"SLA_xTec_Flag": {
					"title": "Y",
					"key": "Y",
					"link": null
				},
				"SLA_definition": {
					"title": " xTec SLA",
					"key": " xTec SLA",
					"link": null
				},
				"Escalation_Type": {
					"title": "Technical Backoffice Engagement",
					"key": "0",
					"link": null
				},
				"Product_Version": {
					"title": "SAP S/4HANA 1909",
					"key": "SAP S/4HANA 1909",
					"link": null
				},
				"Duration_of_Business_elapsed_time_In_Day_": {
					"value": 2.32
				}
			}, {
				"ESC_Created_At": {
					"title": "2023-02-14",
					"key": "2023-02-14",
					"link": null
				},
				"ESC_Closed_At": {
					"title": "2023-02-14",
					"key": "2023-02-14",
					"link": null
				},
				"Product_Version_ID": {
					"title": "01200615320900006067",
					"key": "01200615320900006067",
					"link": null
				},
				"Customer": {
					"title": "Volkswagen AG",
					"key": "0000011201",
					"link": null
				},
				"SLA_Golive_Endangered_Flag": {
					"title": "N",
					"key": "N",
					"link": null
				},
				"SLA_BDM_Flag": {
					"title": "N",
					"key": "N",
					"link": null
				},
				"Duration_of_Business_elapsed_time_In_Hour_": {
					"value": 0.18
				},
				"Approval_Set": {
					"title": "2023-02-14",
					"key": "2023-02-14",
					"link": null
				},
				"Customer_Number": {
					"title": "0000011201",
					"key": "0000011201",
					"link": null
				},
				"SLA_PE_Critical_Flag": {
					"title": "Y",
					"key": "Y",
					"link": null
				},
				"State": {
					"title": "Closed",
					"key": "103",
					"link": null
				},
				"Escalation_Number": {
					"title": "ESC0401480",
					"key": "ESC0401480",
					"link": null
				},
				"SLA_xTec_Flag": {
					"title": "Y",
					"key": "Y",
					"link": null
				},
				"SLA_definition": {
					"title": " DEA assignment SLA",
					"key": " DEA assignment SLA",
					"link": null
				},
				"Escalation_Type": {
					"title": "Technical Backoffice Engagement",
					"key": "0",
					"link": null
				},
				"Product_Version": {
					"title": "SAP SOLUTION MANAGER 7.2",
					"key": "SAP SOLUTION MANAGER 7.2",
					"link": null
				},
				"Duration_of_Business_elapsed_time_In_Day_": {
					"value": 0.01
				}
			}, {
				"ESC_Created_At": {
					"title": "2022-11-10",
					"key": "2022-11-10",
					"link": null
				},
				"ESC_Closed_At": {
					"title": "2022-11-14",
					"key": "2022-11-14",
					"link": null
				},
				"Product_Version_ID": {
					"title": "73554900100900005134",
					"key": "73554900100900005134",
					"link": null
				},
				"Customer": {
					"title": "Volkswagen AG",
					"key": "0000011201",
					"link": null
				},
				"SLA_Golive_Endangered_Flag": {
					"title": "Y",
					"key": "Y",
					"link": null
				},
				"SLA_BDM_Flag": {
					"title": "N",
					"key": "N",
					"link": null
				},
				"Duration_of_Business_elapsed_time_In_Hour_": {
					"value": 0.06
				},
				"Approval_Set": {
					"title": "2022-11-10",
					"key": "2022-11-10",
					"link": null
				},
				"Customer_Number": {
					"title": "0000011201",
					"key": "0000011201",
					"link": null
				},
				"SLA_PE_Critical_Flag": {
					"title": "N",
					"key": "N",
					"link": null
				},
				"State": {
					"title": "Closed",
					"key": "103",
					"link": null
				},
				"Escalation_Number": {
					"title": "ESC0316600",
					"key": "ESC0316600",
					"link": null
				},
				"SLA_xTec_Flag": {
					"title": "N",
					"key": "N",
					"link": null
				},
				"SLA_definition": {
					"title": "Q&D SLA",
					"key": "Q&D SLA",
					"link": null
				},
				"Escalation_Type": {
					"title": "Technical Backoffice Engagement",
					"key": "0",
					"link": null
				},
				"Product_Version": {
					"title": "SAP S/4HANA 2021",
					"key": "SAP S/4HANA 2021",
					"link": null
				},
				"Duration_of_Business_elapsed_time_In_Day_": {
					"value": 0.00
				}
			}, {
				"ESC_Created_At": {
					"title": "2022-11-10",
					"key": "2022-11-10",
					"link": null
				},
				"ESC_Closed_At": {
					"title": "2022-11-14",
					"key": "2022-11-14",
					"link": null
				},
				"Product_Version_ID": {
					"title": "73554900100900005134",
					"key": "73554900100900005134",
					"link": null
				},
				"Customer": {
					"title": "Volkswagen AG",
					"key": "0000011201",
					"link": null
				},
				"SLA_Golive_Endangered_Flag": {
					"title": "Y",
					"key": "Y",
					"link": null
				},
				"SLA_BDM_Flag": {
					"title": "N",
					"key": "N",
					"link": null
				},
				"Duration_of_Business_elapsed_time_In_Hour_": {
					"value": 0.27
				},
				"Approval_Set": {
					"title": "2022-11-10",
					"key": "2022-11-10",
					"link": null
				},
				"Customer_Number": {
					"title": "0000011201",
					"key": "0000011201",
					"link": null
				},
				"SLA_PE_Critical_Flag": {
					"title": "N",
					"key": "N",
					"link": null
				},
				"State": {
					"title": "Closed",
					"key": "103",
					"link": null
				},
				"Escalation_Number": {
					"title": "ESC0316600",
					"key": "ESC0316600",
					"link": null
				},
				"SLA_xTec_Flag": {
					"title": "N",
					"key": "N",
					"link": null
				},
				"SLA_definition": {
					"title": " DEA assignment SLA",
					"key": " DEA assignment SLA",
					"link": null
				},
				"Escalation_Type": {
					"title": "Technical Backoffice Engagement",
					"key": "0",
					"link": null
				},
				"Product_Version": {
					"title": "SAP S/4HANA 2021",
					"key": "SAP S/4HANA 2021",
					"link": null
				},
				"Duration_of_Business_elapsed_time_In_Day_": {
					"value": 0.01
				}
			}, {
				"ESC_Created_At": {
					"title": "2023-03-28",
					"key": "2023-03-28",
					"link": null
				},
				"ESC_Closed_At": {
					"title": "2023-03-31",
					"key": "2023-03-31",
					"link": null
				},
				"Product_Version_ID": {
					"title": "73555000100900002474",
					"key": "73555000100900002474",
					"link": null
				},
				"Customer": {
					"title": "Volkswagen AG",
					"key": "0000011201",
					"link": null
				},
				"SLA_Golive_Endangered_Flag": {
					"title": "N",
					"key": "N",
					"link": null
				},
				"SLA_BDM_Flag": {
					"title": "Y",
					"key": "Y",
					"link": null
				},
				"Duration_of_Business_elapsed_time_In_Hour_": {
					"value": 0.06
				},
				"Approval_Set": {
					"title": "2023-03-28",
					"key": "2023-03-28",
					"link": null
				},
				"Customer_Number": {
					"title": "0000011201",
					"key": "0000011201",
					"link": null
				},
				"SLA_PE_Critical_Flag": {
					"title": "N",
					"key": "N",
					"link": null
				},
				"State": {
					"title": "Closed",
					"key": "103",
					"link": null
				},
				"Escalation_Number": {
					"title": "ESC0437015",
					"key": "ESC0437015",
					"link": null
				},
				"SLA_xTec_Flag": {
					"title": "Y",
					"key": "Y",
					"link": null
				},
				"SLA_definition": {
					"title": " DEA assignment SLA",
					"key": " DEA assignment SLA",
					"link": null
				},
				"Escalation_Type": {
					"title": "Technical Backoffice Engagement",
					"key": "0",
					"link": null
				},
				"Product_Version": {
					"title": "SAP S/4HANA 1909",
					"key": "SAP S/4HANA 1909",
					"link": null
				},
				"Duration_of_Business_elapsed_time_In_Day_": {
					"value": 0.00
				}
			}, {
				"ESC_Created_At": {
					"title": "2023-03-01",
					"key": "2023-03-01",
					"link": null
				},
				"ESC_Closed_At": {
					"title": "2023-03-03",
					"key": "2023-03-03",
					"link": null
				},
				"Product_Version_ID": {
					"title": "73554900100900001301",
					"key": "73554900100900001301",
					"link": null
				},
				"Customer": {
					"title": "Volkswagen AG",
					"key": "0000011201",
					"link": null
				},
				"SLA_Golive_Endangered_Flag": {
					"title": "N",
					"key": "N",
					"link": null
				},
				"SLA_BDM_Flag": {
					"title": "Y",
					"key": "Y",
					"link": null
				},
				"Duration_of_Business_elapsed_time_In_Hour_": {
					"value": 0.54
				},
				"Approval_Set": {
					"title": "2023-03-01",
					"key": "2023-03-01",
					"link": null
				},
				"Customer_Number": {
					"title": "0000011201",
					"key": "0000011201",
					"link": null
				},
				"SLA_PE_Critical_Flag": {
					"title": "Y",
					"key": "Y",
					"link": null
				},
				"State": {
					"title": "Closed",
					"key": "103",
					"link": null
				},
				"Escalation_Number": {
					"title": "ESC0416093",
					"key": "ESC0416093",
					"link": null
				},
				"SLA_xTec_Flag": {
					"title": "N",
					"key": "N",
					"link": null
				},
				"SLA_definition": {
					"title": " DEA assignment SLA",
					"key": " DEA assignment SLA",
					"link": null
				},
				"Escalation_Type": {
					"title": "Technical Backoffice Engagement",
					"key": "0",
					"link": null
				},
				"Product_Version": {
					"title": "SAP HANA PLATFORM EDITION 2.0",
					"key": "SAP HANA PLATFORM EDITION 2.0",
					"link": null
				},
				"Duration_of_Business_elapsed_time_In_Day_": {
					"value": 0.02
				}
			}, {
				"ESC_Created_At": {
					"title": "2022-10-24",
					"key": "2022-10-24",
					"link": null
				},
				"ESC_Closed_At": {
					"title": "2022-10-26",
					"key": "2022-10-26",
					"link": null
				},
				"Product_Version_ID": {
					"title": "73555000100900001788",
					"key": "73555000100900001788",
					"link": null
				},
				"Customer": {
					"title": "Volkswagen AG",
					"key": "0000011201",
					"link": null
				},
				"SLA_Golive_Endangered_Flag": {
					"title": "N",
					"key": "N",
					"link": null
				},
				"SLA_BDM_Flag": {
					"title": "N",
					"key": "N",
					"link": null
				},
				"Duration_of_Business_elapsed_time_In_Hour_": {
					"value": 0.06
				},
				"Approval_Set": {
					"title": "2022-10-24",
					"key": "2022-10-24",
					"link": null
				},
				"Customer_Number": {
					"title": "0000011201",
					"key": "0000011201",
					"link": null
				},
				"SLA_PE_Critical_Flag": {
					"title": "Y",
					"key": "Y",
					"link": null
				},
				"State": {
					"title": "Closed",
					"key": "103",
					"link": null
				},
				"Escalation_Number": {
					"title": "ESC0299754",
					"key": "ESC0299754",
					"link": null
				},
				"SLA_xTec_Flag": {
					"title": "Y",
					"key": "Y",
					"link": null
				},
				"SLA_definition": {
					"title": " DEA assignment SLA",
					"key": " DEA assignment SLA",
					"link": null
				},
				"Escalation_Type": {
					"title": "Technical Backoffice Engagement",
					"key": "0",
					"link": null
				},
				"Product_Version": {
					"title": "SAP S/4HANA 1809",
					"key": "SAP S/4HANA 1809",
					"link": null
				},
				"Duration_of_Business_elapsed_time_In_Day_": {
					"value": 0.00
				}
			}, {
				"ESC_Created_At": {
					"title": "2022-11-13",
					"key": "2022-11-13",
					"link": null
				},
				"ESC_Closed_At": {
					"title": "2022-11-13",
					"key": "2022-11-13",
					"link": null
				},
				"Product_Version_ID": {
					"title": "73554900100900005134",
					"key": "73554900100900005134",
					"link": null
				},
				"Customer": {
					"title": "Volkswagen AG",
					"key": "0000011201",
					"link": null
				},
				"SLA_Golive_Endangered_Flag": {
					"title": "Y",
					"key": "Y",
					"link": null
				},
				"SLA_BDM_Flag": {
					"title": "N",
					"key": "N",
					"link": null
				},
				"Duration_of_Business_elapsed_time_In_Hour_": {
					"value": 0.12
				},
				"Approval_Set": {
					"title": "2022-11-13",
					"key": "2022-11-13",
					"link": null
				},
				"Customer_Number": {
					"title": "0000011201",
					"key": "0000011201",
					"link": null
				},
				"SLA_PE_Critical_Flag": {
					"title": "N",
					"key": "N",
					"link": null
				},
				"State": {
					"title": "Closed",
					"key": "103",
					"link": null
				},
				"Escalation_Number": {
					"title": "ESC0319134",
					"key": "ESC0319134",
					"link": null
				},
				"SLA_xTec_Flag": {
					"title": "N",
					"key": "N",
					"link": null
				},
				"SLA_definition": {
					"title": "Q&D SLA",
					"key": "Q&D SLA",
					"link": null
				},
				"Escalation_Type": {
					"title": "Technical Backoffice Engagement",
					"key": "0",
					"link": null
				},
				"Product_Version": {
					"title": "SAP S/4HANA 2021",
					"key": "SAP S/4HANA 2021",
					"link": null
				},
				"Duration_of_Business_elapsed_time_In_Day_": {
					"value": 0.01
				}
			}, {
				"ESC_Created_At": {
					"title": "2023-03-28",
					"key": "2023-03-28",
					"link": null
				},
				"ESC_Closed_At": {
					"title": "2023-03-31",
					"key": "2023-03-31",
					"link": null
				},
				"Product_Version_ID": {
					"title": "73555000100900002474",
					"key": "73555000100900002474",
					"link": null
				},
				"Customer": {
					"title": "Volkswagen AG",
					"key": "0000011201",
					"link": null
				},
				"SLA_Golive_Endangered_Flag": {
					"title": "N",
					"key": "N",
					"link": null
				},
				"SLA_BDM_Flag": {
					"title": "Y",
					"key": "Y",
					"link": null
				},
				"Duration_of_Business_elapsed_time_In_Hour_": {
					"value": 0.00
				},
				"Approval_Set": {
					"title": "2023-03-28",
					"key": "2023-03-28",
					"link": null
				},
				"Customer_Number": {
					"title": "0000011201",
					"key": "0000011201",
					"link": null
				},
				"SLA_PE_Critical_Flag": {
					"title": "N",
					"key": "N",
					"link": null
				},
				"State": {
					"title": "Closed",
					"key": "103",
					"link": null
				},
				"Escalation_Number": {
					"title": "ESC0437015",
					"key": "ESC0437015",
					"link": null
				},
				"SLA_xTec_Flag": {
					"title": "Y",
					"key": "Y",
					"link": null
				},
				"SLA_definition": {
					"title": "PE Critical SLA",
					"key": "PE Critical SLA",
					"link": null
				},
				"Escalation_Type": {
					"title": "Technical Backoffice Engagement",
					"key": "0",
					"link": null
				},
				"Product_Version": {
					"title": "SAP S/4HANA 1909",
					"key": "SAP S/4HANA 1909",
					"link": null
				},
				"Duration_of_Business_elapsed_time_In_Day_": {
					"value": 0.00
				}
			}, {
				"ESC_Created_At": {
					"title": "2023-02-14",
					"key": "2023-02-14",
					"link": null
				},
				"ESC_Closed_At": {
					"title": "2023-02-14",
					"key": "2023-02-14",
					"link": null
				},
				"Product_Version_ID": {
					"title": "01200615320900006067",
					"key": "01200615320900006067",
					"link": null
				},
				"Customer": {
					"title": "Volkswagen AG",
					"key": "0000011201",
					"link": null
				},
				"SLA_Golive_Endangered_Flag": {
					"title": "N",
					"key": "N",
					"link": null
				},
				"SLA_BDM_Flag": {
					"title": "N",
					"key": "N",
					"link": null
				},
				"Duration_of_Business_elapsed_time_In_Hour_": {
					"value": 0.01
				},
				"Approval_Set": {
					"title": "2023-02-14",
					"key": "2023-02-14",
					"link": null
				},
				"Customer_Number": {
					"title": "0000011201",
					"key": "0000011201",
					"link": null
				},
				"SLA_PE_Critical_Flag": {
					"title": "Y",
					"key": "Y",
					"link": null
				},
				"State": {
					"title": "Closed",
					"key": "103",
					"link": null
				},
				"Escalation_Number": {
					"title": "ESC0401480",
					"key": "ESC0401480",
					"link": null
				},
				"SLA_xTec_Flag": {
					"title": "Y",
					"key": "Y",
					"link": null
				},
				"SLA_definition": {
					"title": " xTec SLA",
					"key": " xTec SLA",
					"link": null
				},
				"Escalation_Type": {
					"title": "Technical Backoffice Engagement",
					"key": "0",
					"link": null
				},
				"Product_Version": {
					"title": "SAP SOLUTION MANAGER 7.2",
					"key": "SAP SOLUTION MANAGER 7.2",
					"link": null
				},
				"Duration_of_Business_elapsed_time_In_Day_": {
					"value": 0.00
				}
			}, {
				"ESC_Created_At": {
					"title": "2022-12-07",
					"key": "2022-12-07",
					"link": null
				},
				"ESC_Closed_At": {
					"title": "2022-12-07",
					"key": "2022-12-07",
					"link": null
				},
				"Product_Version_ID": {
					"title": "73554900100900005134",
					"key": "73554900100900005134",
					"link": null
				},
				"Customer": {
					"title": "Volkswagen AG",
					"key": "0000011201",
					"link": null
				},
				"SLA_Golive_Endangered_Flag": {
					"title": "N",
					"key": "N",
					"link": null
				},
				"SLA_BDM_Flag": {
					"title": "N",
					"key": "N",
					"link": null
				},
				"Duration_of_Business_elapsed_time_In_Hour_": {
					"value": 0.02
				},
				"Approval_Set": {
					"title": "2022-12-07",
					"key": "2022-12-07",
					"link": null
				},
				"Customer_Number": {
					"title": "0000011201",
					"key": "0000011201",
					"link": null
				},
				"SLA_PE_Critical_Flag": {
					"title": "Y",
					"key": "Y",
					"link": null
				},
				"State": {
					"title": "Closed",
					"key": "103",
					"link": null
				},
				"Escalation_Number": {
					"title": "ESC0343464",
					"key": "ESC0343464",
					"link": null
				},
				"SLA_xTec_Flag": {
					"title": "N",
					"key": "N",
					"link": null
				},
				"SLA_definition": {
					"title": "Q&D SLA",
					"key": "Q&D SLA",
					"link": null
				},
				"Escalation_Type": {
					"title": "Technical Backoffice Engagement",
					"key": "0",
					"link": null
				},
				"Product_Version": {
					"title": "SAP S/4HANA 2021",
					"key": "SAP S/4HANA 2021",
					"link": null
				},
				"Duration_of_Business_elapsed_time_In_Day_": {
					"value": 0.00
				}
			}]
		}
	}
}