{
  "welcomeFile": "/index.html",
  "authenticationMethod": "route",
  "routes": [
    {
      "source": "^/apimcf(.*)$",
      "target": "$1",
      "destination": "ext_mcc_apim_cf",
      "csrfProtection": false
    },
    {
      "source": "^/apim(.*)$",
      "target": "$1",
      "csrfProtection": false,
      "destination": "ext_mcc_apim"
    },
    {
      "source": "^/sapit-employee-data",
      "target": "/",
      "csrfProtection": false,
      "destination": "sapit-employee-data",
      "authenticationType": "xsuaa"
    },
    {
      "source": "^/user-api(.*)",
      "target": "$1",
      "service": "sap-approuter-userapi"
    },
    {
      "source": "^(.*)$",
      "target": "$1",
      "destination": "local"
    }
  ]
}