{
    "queryResults": {
      "CL_MCCI_V2_CURRENT": {
        "columns": {
          "hierarchies": [],
          "attributes": [
            {
              "identifier": "Global_Ultimate",
              "title": "Global Ultimate"
            },
            {
              "identifier": "Internal_Sales_Segment",
              "title": "Internal Sales Segment"
            },
            {
              "identifier": "ERP_Account",
              "title": "ERP Account"
            },
            {
              "identifier": "CUSTOMER_ID",
              "title": "CUSTOMER_ID"
            },
            {
              "identifier": "Global_Ultimate_Name",
              "title": "Global Ultimate Name"
            }
          ],
          "measures": [
            {
              "identifier": "CPC_CASES",
              "title": "CPC CASES"
            },
            {
              "identifier": "GEM_CASES",
              "title": "GEM CASES"
            },
            {
              "identifier": "TREND_28_DAYS",
              "title": "TREND 28 DAYS"
            },
            {
              "identifier": "TC2_CASES",
              "title": "TC2 CASES"
            },
            {
              "identifier": "OPEN_NOW_P1",
              "title": "OPEN NOW P1"
            },
            {
              "identifier": "TF_CASES",
              "title": "TF CASES"
            },
            {
              "identifier": "OPEN_NOW_P2",
              "title": "OPEN NOW P2"
            },
            {
              "identifier": "MCCI",
              "title": "MCCI"
            },
            {
              "identifier": "CCM_CASES",
              "title": "CCM CASES"
            },
            {
              "identifier": "TREND_3_DAYS",
              "title": "TREND 3 DAYS"
            }
          ]
        },
        "rows": [
          {
            "OPEN_NOW_P2": {
              "value": 84
            },
            "TC2_CASES": {
              "value": 0
            },
            "GEM_CASES": {
              "value": 0
            },
            "TREND_28_DAYS": {
              "value": -2.11
            },
            "CUSTOMER_ID": {
              "title": "0000010161",
              "key": "0000010161",
              "link": null
            },
            "CPC_CASES": {
              "value": 0
            },
            "CCM_CASES": {
              "value": 0
            },
            "TF_CASES": {
              "value": 0
            },
            "Internal_Sales_Segment": {
              "title": "Transform",
              "key": "Transform",
              "link": null
            },
            "TREND_3_DAYS": {
              "value": -1.55
            },
            "MCCI": {
              "value": 47.21
            },
            "ERP_Account": {
              "title": "BASF SE",
              "key": "0000010161",
              "link": null
            },
            "Global_Ultimate": {
              "title": "0000159936",
              "key": "0000159936",
              "link": null
            },
            "Global_Ultimate_Name": {
              "title": "BASF SE",
              "key": "0000159936",
              "link": null
            },
            "OPEN_NOW_P1": {
              "value": 0
            }
          }
        ]
      }
    }
  }