{
  "results": [
      {
          "__metadata": {
              "id": "https://port5000-workspaces-ws-zcvt5.eu10.applicationstudio.cloud.sap:10443/odata/v2/MCCOnedashboard/MCCTags(guid'47aab697-526c-40d7-8dc1-6c59f8b5e4f2')",
              "uri": "https://port5000-workspaces-ws-zcvt5.eu10.applicationstudio.cloud.sap:10443/odata/v2/MCCOnedashboard/MCCTags(guid'47aab697-526c-40d7-8dc1-6c59f8b5e4f2')",
              "type": "MCCOnedashboard.MCCTags"
          },
          "createdAt": "2024-02-01T15:35:26.219Z",
          "createdBy": "D065000",
          "modifiedAt": "2024-02-01T15:35:26.219Z",
          "modifiedBy": "D065000",
          "TagID": "47aab697-526c-40d7-8dc1-6c59f8b5e4f2",
          "Name": "Test Verena",
          "Description": null,
          "Position": null,
          "ProfileName": null,
          "DateFrom": null,
          "DateTo": null,
          "ShowInOneDashboard": true,
          "Title": null,
          "CustomerID": "10161",
          "Type": "Customer"
      },
      {
          "__metadata": {
              "id": "https://port5000-workspaces-ws-zcvt5.eu10.applicationstudio.cloud.sap:10443/odata/v2/MCCOnedashboard/MCCTags(guid'635687c1-1783-474f-80e7-24adde05a906')",
              "uri": "https://port5000-workspaces-ws-zcvt5.eu10.applicationstudio.cloud.sap:10443/odata/v2/MCCOnedashboard/MCCTags(guid'635687c1-1783-474f-80e7-24adde05a906')",
              "type": "MCCOnedashboard.MCCTags"
          },
          "createdAt": "2024-02-01T15:35:26.219Z",
          "createdBy": "I518016",
          "modifiedAt": "2024-02-01T15:35:26.219Z",
          "modifiedBy": "I518016",
          "TagID": "635687c1-1783-474f-80e7-24adde05a906",
          "Name": "Test Marcel",
          "Description": null,
          "Position": null,
          "ProfileName": null,
          "DateFrom": null,
          "DateTo": null,
          "ShowInOneDashboard": true,
          "Title": null,
          "CustomerID": "10161",
          "Type": "Customer"
      }
  ]
}