{
	"results": [{
		"Description": "Incident A",
		"IncidentId": "00000001"
	}, {
		"Description": "Incident B",
		"IncidentId": "00000002"
	}, {
		"Description": "Incident C",
		"IncidentId": "00000003"
	}, {
		"Description": "Incident D",
		"IncidentId": "00000004"
	}, {
		"Description": "Incident E",
		"IncidentId": "00000005"
	}, {
		"Description": "Incident F",
		"IncidentId": "00000006"
	}, {
		"Description": "Incident G",
		"IncidentId": "00000007"
	}, {
		"Description": "Incident H",
		"IncidentId": "00000008"
	}]
}